subject_id,study_id
M87103423,emoregpsycho_20957
M87104357,emoregpsycho_20957
M87104386,emoregpsycho_20957
M87105294,emoregpsycho_20957
M87105367,emoregpsycho_20957
M87105955,emoregpsycho_20957
M87109162,emoregpsycho_20957
M87109276,emoregpsycho_20957
M87110730,emoregpsycho_20957
M87114371,emoregpsycho_20957
M87116614,emoregpsycho_20957
M87116854,emoregpsycho_20957
M87121531,emoregpsycho_20957
M87121532,emoregpsycho_20957
M87124400,emoregpsycho_20957
M87124808,emoregpsycho_20957
M87129825,emoregpsycho_20957
M87134320,emoregpsycho_20957
M87138094,emoregpsycho_20957
M87138369,emoregpsycho_20957
M87139354,emoregpsycho_20957
M87141291,emoregpsycho_20957
M87144389,emoregpsycho_20957
M87148227,emoregpsycho_20957
M87148801,emoregpsycho_20957
M87150736,emoregpsycho_20957
M87151738,emoregpsycho_20957
M87151976,emoregpsycho_20957
M87152938,emoregpsycho_20957
M87153317,emoregpsycho_20957
M87158621,emoregpsycho_20957
M87162818,emoregpsycho_20957
M87163077,emoregpsycho_20957
M87165631,emoregpsycho_20957
M87165701,emoregpsycho_20957
M87168478,emoregpsycho_20957
M87170196,emoregpsycho_20957
M87180496,emoregpsycho_20957
M87182004,emoregpsycho_20957
M87186490,emoregpsycho_20957
M87192356,emoregpsycho_20957
M87192468,emoregpsycho_20957
M87192571,emoregpsycho_20957
M87196953,emoregpsycho_20957
M87100419,emoregpsycho_20957
M87104941,emoregpsycho_20957
M87105824,emoregpsycho_20957
M87107379,emoregpsycho_20957
M87108662,emoregpsycho_20957
M87109978,emoregpsycho_20957
M87110229,emoregpsycho_20957
M87110768,emoregpsycho_20957
M87111014,emoregpsycho_20957
M87112091,emoregpsycho_20957
M87112604,emoregpsycho_20957
M87113923,emoregpsycho_20957
M87117003,emoregpsycho_20957
M87118092,emoregpsycho_20957
M87119980,emoregpsycho_20957
M87120007,emoregpsycho_20957
M87120206,emoregpsycho_20957
M87120251,emoregpsycho_20957
M87120596,emoregpsycho_20957
M87122449,emoregpsycho_20957
M87122856,emoregpsycho_20957
M87123655,emoregpsycho_20957
M87124454,emoregpsycho_20957
M87124846,emoregpsycho_20957
M87126310,emoregpsycho_20957
M87127882,emoregpsycho_20957
M87128075,emoregpsycho_20957
M87130287,emoregpsycho_20957
M87130907,emoregpsycho_20957
M87131466,emoregpsycho_20957
M87133759,emoregpsycho_20957
M87134007,emoregpsycho_20957
M87135974,emoregpsycho_20957
M87136394,emoregpsycho_20957
M87138673,emoregpsycho_20957
M87139193,emoregpsycho_20957
M87139195,emoregpsycho_20957
M87139763,emoregpsycho_20957
M87140789,emoregpsycho_20957
M87140994,emoregpsycho_20957
M87142581,emoregpsycho_20957
M87144689,emoregpsycho_20957
M87146170,emoregpsycho_20957
M87146331,emoregpsycho_20957
M87149091,emoregpsycho_20957
M87151421,emoregpsycho_20957
M87152378,emoregpsycho_20957
M87153117,emoregpsycho_20957
M87153618,emoregpsycho_20957
M87154387,emoregpsycho_20957
M87154497,emoregpsycho_20957
M87155398,emoregpsycho_20957
M87156032,emoregpsycho_20957
M87156629,emoregpsycho_20957
M87157856,emoregpsycho_20957
M87157919,emoregpsycho_20957
M87158358,emoregpsycho_20957
M87158946,emoregpsycho_20957
M87160156,emoregpsycho_20957
M87161046,emoregpsycho_20957
M87162213,emoregpsycho_20957
M87164001,emoregpsycho_20957
M87164986,emoregpsycho_20957
M87165813,emoregpsycho_20957
M87166935,emoregpsycho_20957
M87167060,emoregpsycho_20957
M87168082,emoregpsycho_20957
M87168550,emoregpsycho_20957
M87170105,emoregpsycho_20957
M87171116,emoregpsycho_20957
M87171285,emoregpsycho_20957
M87172037,emoregpsycho_20957
M87172041,emoregpsycho_20957
M87172692,emoregpsycho_20957
M87175733,emoregpsycho_20957
M87175986,emoregpsycho_20957
M87176941,emoregpsycho_20957
M87176984,emoregpsycho_20957
M87177384,emoregpsycho_20957
M87178770,emoregpsycho_20957
M87179092,emoregpsycho_20957
M87181270,emoregpsycho_20957
M87183669,emoregpsycho_20957
M87183764,emoregpsycho_20957
M87183847,emoregpsycho_20957
M87184455,emoregpsycho_20957
M87185126,emoregpsycho_20957
M87185987,emoregpsycho_20957
M87187453,emoregpsycho_20957
M87187726,emoregpsycho_20957
M87188453,emoregpsycho_20957
M87191192,emoregpsycho_20957
M87195497,emoregpsycho_20957
M87195715,emoregpsycho_20957
M87197734,emoregpsycho_20957
M87199013,emoregpsycho_20957
M87199561,emoregpsycho_20957
M87199823,emoregpsycho_20957
M87103423,tescoke_20696
M87104357,tescoke_20696
M87104386,tescoke_20696
M87105294,tescoke_20696
M87105367,tescoke_20696
M87105955,tescoke_20696
M87109162,tescoke_20696
M87109276,tescoke_20696
M87110730,tescoke_20696
M87114371,tescoke_20696
M87171564,tescoke_20696
M87116854,tescoke_20696
M87121531,tescoke_20696
M87151861,tescoke_20696
M87197609,tescoke_20696
M87124808,tescoke_20696
M87129825,tescoke_20696
M87134320,tescoke_20696
M87138094,tescoke_20696
M87138369,tescoke_20696
M87139354,tescoke_20696
M87141291,tescoke_20696
M87144389,tescoke_20696
M87148227,tescoke_20696
M87148801,tescoke_20696
M87150736,tescoke_20696
M87151738,tescoke_20696
M87151976,tescoke_20696
M87152938,tescoke_20696
M87153317,tescoke_20696
M87158621,tescoke_20696
M87162818,tescoke_20696
M87163077,tescoke_20696
M87165631,tescoke_20696
M87165701,tescoke_20696
M87168478,tescoke_20696
M87170196,tescoke_20696
M87180496,tescoke_20696
M87182004,tescoke_20696
M87186490,tescoke_20696
M87192356,tescoke_20696
M87192468,tescoke_20696
M87192571,tescoke_20696
M87171873,tescoke_20696
M87100419,tescoke_20696
M87199583,tescoke_20696
M87105824,tescoke_20696
M87192205,tescoke_20696
M87148213,tescoke_20696
M87109978,tescoke_20696
M87157671,tescoke_20696
M87110768,tescoke_20696
M87111014,tescoke_20696
M87112091,tescoke_20696
M87124516,tescoke_20696
M87113923,tescoke_20696
M87182965,tescoke_20696
M87118092,tescoke_20696
M87133484,tescoke_20696
M87120007,tescoke_20696
M87120206,tescoke_20696
M87148872,tescoke_20696
M87117081,tescoke_20696
M87120164,tescoke_20696
M87122856,tescoke_20696
M87120451,tescoke_20696
M87124454,tescoke_20696
M87124846,tescoke_20696
M87175521,tescoke_20696
M87179303,tescoke_20696
M87169350,tescoke_20696
M87130287,tescoke_20696
M87130907,tescoke_20696
M87188713,tescoke_20696
M87104519,tescoke_20696
M87134007,tescoke_20696
M87134228,tescoke_20696
M87136394,tescoke_20696
M87184515,tescoke_20696
M87189484,tescoke_20696
M87139195,tescoke_20696
M87139763,tescoke_20696
M87140789,tescoke_20696
M87140994,tescoke_20696
M87142581,tescoke_20696
M87164553,tescoke_20696
M87146170,tescoke_20696
M87102777,tescoke_20696
M87120801,tescoke_20696
M87151421,tescoke_20696
M87152378,tescoke_20696
M87153117,tescoke_20696
M87153618,tescoke_20696
M87143214,tescoke_20696
M87154497,tescoke_20696
M87155398,tescoke_20696
M87156032,tescoke_20696
M87186408,tescoke_20696
M87151497,tescoke_20696
M87160065,tescoke_20696
M87158358,tescoke_20696
M87158946,tescoke_20696
M87160156,tescoke_20696
M87161046,tescoke_20696
M87162213,tescoke_20696
M87194152,tescoke_20696
M87173818,tescoke_20696
M87188456,tescoke_20696
M87125899,tescoke_20696
M87155171,tescoke_20696
M87108106,tescoke_20696
M87168550,tescoke_20696
M87170105,tescoke_20696
M87173792,tescoke_20696
M87171285,tescoke_20696
M87158219,tescoke_20696
M87128921,tescoke_20696
M87125151,tescoke_20696
M87175733,tescoke_20696
M87174520,tescoke_20696
M87175019,tescoke_20696
M87122630,tescoke_20696
M87177384,tescoke_20696
M87178770,tescoke_20696
M87179092,tescoke_20696
M87181270,tescoke_20696
M87145095,tescoke_20696
M87183764,tescoke_20696
M87183847,tescoke_20696
M87163299,tescoke_20696
M87185126,tescoke_20696
M87152615,tescoke_20696
M87187453,tescoke_20696
M87195860,tescoke_20696
M87185518,tescoke_20696
M87191192,tescoke_20696
M87195497,tescoke_20696
M87195715,tescoke_20696
M87197734,tescoke_20696
M87125273,tescoke_20696
M87133088,tescoke_20696
M87199823,tescoke_20696
