subject,metric,roi,mean,sd,nvox
M87100419,L1,JHU_CgC_L,0.001209,0.000217,2228
M87100419,MD,JHU_CgC_L,0.000768,0.000147,2228
M87100419,RD,JHU_CgC_L,0.000548,0.000141,2228
M87100419,L1,JHU_CgC_R,0.001151,0.000242,2231
M87100419,MD,JHU_CgC_R,0.000750,0.000201,2231
M87100419,RD,JHU_CgC_R,0.000550,0.000196,2231
M87100419,L1,JHU_UF_R,0.001061,0.000099,2469
M87100419,MD,JHU_UF_R,0.000624,0.000049,2469
M87100419,RD,JHU_UF_R,0.000406,0.000077,2469
M87100419,L1,JHU_UF_L,0.001081,0.000115,2515
M87100419,MD,JHU_UF_L,0.000663,0.000060,2515
M87100419,RD,JHU_UF_L,0.000454,0.000060,2515
M87102777,L1,JHU_CgC_L,0.001097,0.000167,2228
M87102777,MD,JHU_CgC_L,0.000705,0.000123,2228
M87102777,RD,JHU_CgC_L,0.000509,0.000127,2228
M87102777,L1,JHU_CgC_R,0.001146,0.000258,2231
M87102777,MD,JHU_CgC_R,0.000750,0.000213,2231
M87102777,RD,JHU_CgC_R,0.000552,0.000211,2231
M87102777,L1,JHU_UF_R,0.000980,0.000109,2469
M87102777,MD,JHU_UF_R,0.000597,0.000078,2469
M87102777,RD,JHU_UF_R,0.000406,0.000083,2469
M87102777,L1,JHU_UF_L,0.001026,0.000111,2515
M87102777,MD,JHU_UF_L,0.000641,0.000059,2515
M87102777,RD,JHU_UF_L,0.000448,0.000059,2515
M87103423,L1,JHU_CgC_L,0.001174,0.000165,2228
M87103423,MD,JHU_CgC_L,0.000790,0.000118,2228
M87103423,RD,JHU_CgC_L,0.000598,0.000122,2228
M87103423,L1,JHU_CgC_R,0.001170,0.000179,2231
M87103423,MD,JHU_CgC_R,0.000790,0.000162,2231
M87103423,RD,JHU_CgC_R,0.000600,0.000179,2231
M87103423,L1,JHU_UF_R,0.001009,0.000118,2469
M87103423,MD,JHU_UF_R,0.000609,0.000080,2469
M87103423,RD,JHU_UF_R,0.000409,0.000088,2469
M87103423,L1,JHU_UF_L,0.001029,0.000106,2515
M87103423,MD,JHU_UF_L,0.000665,0.000060,2515
M87103423,RD,JHU_UF_L,0.000483,0.000056,2515
M87104357,L1,JHU_CgC_L,0.001163,0.000185,2228
M87104357,MD,JHU_CgC_L,0.000771,0.000137,2228
M87104357,RD,JHU_CgC_L,0.000575,0.000134,2228
M87104357,L1,JHU_CgC_R,0.001201,0.000270,2231
M87104357,MD,JHU_CgC_R,0.000822,0.000243,2231
M87104357,RD,JHU_CgC_R,0.000633,0.000246,2231
M87104357,L1,JHU_UF_R,0.001057,0.000140,2469
M87104357,MD,JHU_UF_R,0.000646,0.000091,2469
M87104357,RD,JHU_UF_R,0.000441,0.000100,2469
M87104357,L1,JHU_UF_L,0.001079,0.000111,2515
M87104357,MD,JHU_UF_L,0.000681,0.000062,2515
M87104357,RD,JHU_UF_L,0.000482,0.000073,2515
M87104386,L1,JHU_CgC_L,0.001197,0.000106,2228
M87104386,MD,JHU_CgC_L,0.000750,0.000073,2228
M87104386,RD,JHU_CgC_L,0.000526,0.000089,2228
M87104386,L1,JHU_CgC_R,0.001112,0.000147,2231
M87104386,MD,JHU_CgC_R,0.000727,0.000122,2231
M87104386,RD,JHU_CgC_R,0.000534,0.000140,2231
M87104386,L1,JHU_UF_R,0.001055,0.000098,2469
M87104386,MD,JHU_UF_R,0.000604,0.000064,2469
M87104386,RD,JHU_UF_R,0.000379,0.000083,2469
M87104386,L1,JHU_UF_L,0.001137,0.000101,2515
M87104386,MD,JHU_UF_L,0.000675,0.000046,2515
M87104386,RD,JHU_UF_L,0.000444,0.000057,2515
M87104519,L1,JHU_CgC_L,0.001123,0.000085,2228
M87104519,MD,JHU_CgC_L,0.000750,0.000072,2228
M87104519,RD,JHU_CgC_L,0.000563,0.000093,2228
M87104519,L1,JHU_CgC_R,0.001191,0.000214,2231
M87104519,MD,JHU_CgC_R,0.000808,0.000209,2231
M87104519,RD,JHU_CgC_R,0.000616,0.000217,2231
M87104519,L1,JHU_UF_R,0.001068,0.000106,2469
M87104519,MD,JHU_UF_R,0.000641,0.000052,2469
M87104519,RD,JHU_UF_R,0.000427,0.000066,2469
M87104519,L1,JHU_UF_L,0.001089,0.000100,2515
M87104519,MD,JHU_UF_L,0.000665,0.000046,2515
M87104519,RD,JHU_UF_L,0.000453,0.000057,2515
M87105294,L1,JHU_CgC_L,0.001197,0.000148,2228
M87105294,MD,JHU_CgC_L,0.000784,0.000121,2228
M87105294,RD,JHU_CgC_L,0.000577,0.000128,2228
M87105294,L1,JHU_CgC_R,0.001151,0.000183,2231
M87105294,MD,JHU_CgC_R,0.000775,0.000152,2231
M87105294,RD,JHU_CgC_R,0.000587,0.000158,2231
M87105294,L1,JHU_UF_R,0.001097,0.000115,2469
M87105294,MD,JHU_UF_R,0.000655,0.000078,2469
M87105294,RD,JHU_UF_R,0.000434,0.000092,2469
M87105294,L1,JHU_UF_L,0.001096,0.000125,2515
M87105294,MD,JHU_UF_L,0.000661,0.000085,2515
M87105294,RD,JHU_UF_L,0.000444,0.000091,2515
M87105367,L1,JHU_CgC_L,0.001228,0.000170,2228
M87105367,MD,JHU_CgC_L,0.000777,0.000141,2228
M87105367,RD,JHU_CgC_L,0.000552,0.000153,2228
M87105367,L1,JHU_CgC_R,0.001028,0.000160,2231
M87105367,MD,JHU_CgC_R,0.000692,0.000138,2231
M87105367,RD,JHU_CgC_R,0.000524,0.000143,2231
M87105367,L1,JHU_UF_R,0.000980,0.000094,2469
M87105367,MD,JHU_UF_R,0.000590,0.000050,2469
M87105367,RD,JHU_UF_R,0.000396,0.000064,2469
M87105367,L1,JHU_UF_L,0.001054,0.000107,2515
M87105367,MD,JHU_UF_L,0.000663,0.000049,2515
M87105367,RD,JHU_UF_L,0.000467,0.000051,2515
M87105824,L1,JHU_CgC_L,0.001188,0.000164,2228
M87105824,MD,JHU_CgC_L,0.000769,0.000136,2228
M87105824,RD,JHU_CgC_L,0.000559,0.000146,2228
M87105824,L1,JHU_CgC_R,0.001169,0.000245,2231
M87105824,MD,JHU_CgC_R,0.000790,0.000231,2231
M87105824,RD,JHU_CgC_R,0.000600,0.000237,2231
M87105824,L1,JHU_UF_R,0.001031,0.000130,2469
M87105824,MD,JHU_UF_R,0.000619,0.000113,2469
M87105824,RD,JHU_UF_R,0.000413,0.000122,2469
M87105824,L1,JHU_UF_L,0.001104,0.000122,2515
M87105824,MD,JHU_UF_L,0.000673,0.000086,2515
M87105824,RD,JHU_UF_L,0.000457,0.000098,2515
M87105955,L1,JHU_CgC_L,0.001302,0.000195,2228
M87105955,MD,JHU_CgC_L,0.000886,0.000157,2228
M87105955,RD,JHU_CgC_L,0.000678,0.000158,2228
M87105955,L1,JHU_CgC_R,0.001278,0.000218,2231
M87105955,MD,JHU_CgC_R,0.000884,0.000177,2231
M87105955,RD,JHU_CgC_R,0.000687,0.000182,2231
M87105955,L1,JHU_UF_R,0.001252,0.000271,2469
M87105955,MD,JHU_UF_R,0.000769,0.000260,2469
M87105955,RD,JHU_UF_R,0.000527,0.000275,2469
M87105955,L1,JHU_UF_L,0.001191,0.000187,2515
M87105955,MD,JHU_UF_L,0.000756,0.000157,2515
M87105955,RD,JHU_UF_L,0.000539,0.000161,2515
M87108106,L1,JHU_CgC_L,0.001170,0.000170,2228
M87108106,MD,JHU_CgC_L,0.000773,0.000125,2228
M87108106,RD,JHU_CgC_L,0.000575,0.000126,2228
M87108106,L1,JHU_CgC_R,0.001106,0.000122,2231
M87108106,MD,JHU_CgC_R,0.000748,0.000112,2231
M87108106,RD,JHU_CgC_R,0.000570,0.000126,2231
M87108106,L1,JHU_UF_R,0.001096,0.000105,2469
M87108106,MD,JHU_UF_R,0.000655,0.000076,2469
M87108106,RD,JHU_UF_R,0.000435,0.000095,2469
M87108106,L1,JHU_UF_L,0.001113,0.000097,2515
M87108106,MD,JHU_UF_L,0.000686,0.000066,2515
M87108106,RD,JHU_UF_L,0.000473,0.000080,2515
M87109162,L1,JHU_CgC_L,0.001164,0.000151,2228
M87109162,MD,JHU_CgC_L,0.000736,0.000122,2228
M87109162,RD,JHU_CgC_L,0.000522,0.000131,2228
M87109162,L1,JHU_CgC_R,0.001189,0.000222,2231
M87109162,MD,JHU_CgC_R,0.000772,0.000181,2231
M87109162,RD,JHU_CgC_R,0.000563,0.000189,2231
M87109162,L1,JHU_UF_R,0.001090,0.000120,2469
M87109162,MD,JHU_UF_R,0.000624,0.000067,2469
M87109162,RD,JHU_UF_R,0.000391,0.000081,2469
M87109162,L1,JHU_UF_L,0.001102,0.000107,2515
M87109162,MD,JHU_UF_L,0.000662,0.000053,2515
M87109162,RD,JHU_UF_L,0.000442,0.000057,2515
M87109276,L1,JHU_CgC_L,0.001159,0.000167,2228
M87109276,MD,JHU_CgC_L,0.000745,0.000151,2228
M87109276,RD,JHU_CgC_L,0.000539,0.000162,2228
M87109276,L1,JHU_CgC_R,0.001116,0.000170,2231
M87109276,MD,JHU_CgC_R,0.000749,0.000171,2231
M87109276,RD,JHU_CgC_R,0.000565,0.000191,2231
M87109276,L1,JHU_UF_R,0.001069,0.000118,2469
M87109276,MD,JHU_UF_R,0.000641,0.000103,2469
M87109276,RD,JHU_UF_R,0.000427,0.000120,2469
M87109276,L1,JHU_UF_L,0.001067,0.000125,2515
M87109276,MD,JHU_UF_L,0.000653,0.000085,2515
M87109276,RD,JHU_UF_L,0.000446,0.000092,2515
M87109978,L1,JHU_CgC_L,0.001201,0.000167,2228
M87109978,MD,JHU_CgC_L,0.000739,0.000104,2228
M87109978,RD,JHU_CgC_L,0.000508,0.000116,2228
M87109978,L1,JHU_CgC_R,0.001170,0.000230,2231
M87109978,MD,JHU_CgC_R,0.000757,0.000190,2231
M87109978,RD,JHU_CgC_R,0.000550,0.000196,2231
M87109978,L1,JHU_UF_R,0.001037,0.000112,2469
M87109978,MD,JHU_UF_R,0.000616,0.000059,2469
M87109978,RD,JHU_UF_R,0.000406,0.000073,2469
M87109978,L1,JHU_UF_L,0.001067,0.000103,2515
M87109978,MD,JHU_UF_L,0.000659,0.000046,2515
M87109978,RD,JHU_UF_L,0.000455,0.000051,2515
M87110730,L1,JHU_CgC_L,0.001145,0.000138,2228
M87110730,MD,JHU_CgC_L,0.000779,0.000098,2228
M87110730,RD,JHU_CgC_L,0.000596,0.000101,2228
M87110730,L1,JHU_CgC_R,0.001184,0.000212,2231
M87110730,MD,JHU_CgC_R,0.000806,0.000197,2231
M87110730,RD,JHU_CgC_R,0.000617,0.000204,2231
M87110730,L1,JHU_UF_R,0.001015,0.000114,2469
M87110730,MD,JHU_UF_R,0.000614,0.000081,2469
M87110730,RD,JHU_UF_R,0.000414,0.000083,2469
M87110730,L1,JHU_UF_L,0.001038,0.000107,2515
M87110730,MD,JHU_UF_L,0.000661,0.000085,2515
M87110730,RD,JHU_UF_L,0.000473,0.000089,2515
M87110768,L1,JHU_CgC_L,0.001233,0.000166,2228
M87110768,MD,JHU_CgC_L,0.000839,0.000121,2228
M87110768,RD,JHU_CgC_L,0.000641,0.000126,2228
M87110768,L1,JHU_CgC_R,0.001239,0.000264,2231
M87110768,MD,JHU_CgC_R,0.000855,0.000227,2231
M87110768,RD,JHU_CgC_R,0.000664,0.000224,2231
M87110768,L1,JHU_UF_R,0.001027,0.000137,2469
M87110768,MD,JHU_UF_R,0.000654,0.000110,2469
M87110768,RD,JHU_UF_R,0.000467,0.000118,2469
M87110768,L1,JHU_UF_L,0.001105,0.000114,2515
M87110768,MD,JHU_UF_L,0.000713,0.000094,2515
M87110768,RD,JHU_UF_L,0.000517,0.000102,2515
M87111014,L1,JHU_CgC_L,0.001155,0.000164,2228
M87111014,MD,JHU_CgC_L,0.000743,0.000141,2228
M87111014,RD,JHU_CgC_L,0.000537,0.000146,2228
M87111014,L1,JHU_CgC_R,0.001167,0.000213,2231
M87111014,MD,JHU_CgC_R,0.000770,0.000199,2231
M87111014,RD,JHU_CgC_R,0.000571,0.000206,2231
M87111014,L1,JHU_UF_R,0.001027,0.000105,2469
M87111014,MD,JHU_UF_R,0.000614,0.000073,2469
M87111014,RD,JHU_UF_R,0.000408,0.000083,2469
M87111014,L1,JHU_UF_L,0.001032,0.000093,2515
M87111014,MD,JHU_UF_L,0.000643,0.000059,2515
M87111014,RD,JHU_UF_L,0.000448,0.000065,2515
M87112091,L1,JHU_CgC_L,0.001209,0.000165,2228
M87112091,MD,JHU_CgC_L,0.000787,0.000125,2228
M87112091,RD,JHU_CgC_L,0.000576,0.000128,2228
M87112091,L1,JHU_CgC_R,0.001201,0.000175,2231
M87112091,MD,JHU_CgC_R,0.000806,0.000160,2231
M87112091,RD,JHU_CgC_R,0.000609,0.000170,2231
M87112091,L1,JHU_UF_R,0.001067,0.000106,2469
M87112091,MD,JHU_UF_R,0.000648,0.000049,2469
M87112091,RD,JHU_UF_R,0.000439,0.000064,2469
M87112091,L1,JHU_UF_L,0.001102,0.000109,2515
M87112091,MD,JHU_UF_L,0.000686,0.000051,2515
M87112091,RD,JHU_UF_L,0.000478,0.000059,2515
M87113923,L1,JHU_CgC_L,0.001220,0.000121,2228
M87113923,MD,JHU_CgC_L,0.000819,0.000100,2228
M87113923,RD,JHU_CgC_L,0.000618,0.000114,2228
M87113923,L1,JHU_CgC_R,0.001163,0.000148,2231
M87113923,MD,JHU_CgC_R,0.000796,0.000119,2231
M87113923,RD,JHU_CgC_R,0.000612,0.000133,2231
M87113923,L1,JHU_UF_R,0.001086,0.000087,2469
M87113923,MD,JHU_UF_R,0.000663,0.000048,2469
M87113923,RD,JHU_UF_R,0.000451,0.000068,2469
M87113923,L1,JHU_UF_L,0.001153,0.000094,2515
M87113923,MD,JHU_UF_L,0.000721,0.000054,2515
M87113923,RD,JHU_UF_L,0.000506,0.000060,2515
M87114371,L1,JHU_CgC_L,0.001133,0.000160,2228
M87114371,MD,JHU_CgC_L,0.000749,0.000121,2228
M87114371,RD,JHU_CgC_L,0.000557,0.000123,2228
M87114371,L1,JHU_CgC_R,0.001117,0.000193,2231
M87114371,MD,JHU_CgC_R,0.000750,0.000147,2231
M87114371,RD,JHU_CgC_R,0.000567,0.000145,2231
M87114371,L1,JHU_UF_R,0.001017,0.000108,2469
M87114371,MD,JHU_UF_R,0.000622,0.000085,2469
M87114371,RD,JHU_UF_R,0.000424,0.000096,2469
M87114371,L1,JHU_UF_L,0.001052,0.000108,2515
M87114371,MD,JHU_UF_L,0.000655,0.000075,2515
M87114371,RD,JHU_UF_L,0.000457,0.000081,2515
M87116854,L1,JHU_CgC_L,0.001217,0.000170,2228
M87116854,MD,JHU_CgC_L,0.000745,0.000126,2228
M87116854,RD,JHU_CgC_L,0.000509,0.000136,2228
M87116854,L1,JHU_CgC_R,0.001117,0.000149,2231
M87116854,MD,JHU_CgC_R,0.000720,0.000114,2231
M87116854,RD,JHU_CgC_R,0.000521,0.000132,2231
M87116854,L1,JHU_UF_R,0.001000,0.000104,2469
M87116854,MD,JHU_UF_R,0.000589,0.000051,2469
M87116854,RD,JHU_UF_R,0.000383,0.000062,2469
M87116854,L1,JHU_UF_L,0.001065,0.000119,2515
M87116854,MD,JHU_UF_L,0.000642,0.000050,2515
M87116854,RD,JHU_UF_L,0.000431,0.000051,2515
M87117081,L1,JHU_CgC_L,0.001120,0.000184,2228
M87117081,MD,JHU_CgC_L,0.000746,0.000150,2228
M87117081,RD,JHU_CgC_L,0.000560,0.000155,2228
M87117081,L1,JHU_CgC_R,0.001172,0.000223,2231
M87117081,MD,JHU_CgC_R,0.000798,0.000194,2231
M87117081,RD,JHU_CgC_R,0.000611,0.000201,2231
M87117081,L1,JHU_UF_R,0.001056,0.000128,2469
M87117081,MD,JHU_UF_R,0.000625,0.000095,2469
M87117081,RD,JHU_UF_R,0.000410,0.000105,2469
M87117081,L1,JHU_UF_L,0.001054,0.000119,2515
M87117081,MD,JHU_UF_L,0.000644,0.000087,2515
M87117081,RD,JHU_UF_L,0.000438,0.000091,2515
M87118092,L1,JHU_CgC_L,0.001235,0.000193,2228
M87118092,MD,JHU_CgC_L,0.000796,0.000157,2228
M87118092,RD,JHU_CgC_L,0.000577,0.000160,2228
M87118092,L1,JHU_CgC_R,0.001182,0.000204,2231
M87118092,MD,JHU_CgC_R,0.000799,0.000185,2231
M87118092,RD,JHU_CgC_R,0.000607,0.000191,2231
M87118092,L1,JHU_UF_R,0.001050,0.000122,2469
M87118092,MD,JHU_UF_R,0.000633,0.000088,2469
M87118092,RD,JHU_UF_R,0.000425,0.000098,2469
M87118092,L1,JHU_UF_L,0.001102,0.000125,2515
M87118092,MD,JHU_UF_L,0.000680,0.000097,2515
M87118092,RD,JHU_UF_L,0.000468,0.000104,2515
M87120007,L1,JHU_CgC_L,0.001231,0.000243,2228
M87120007,MD,JHU_CgC_L,0.000797,0.000204,2228
M87120007,RD,JHU_CgC_L,0.000581,0.000201,2228
M87120007,L1,JHU_CgC_R,0.001060,0.000190,2231
M87120007,MD,JHU_CgC_R,0.000707,0.000157,2231
M87120007,RD,JHU_CgC_R,0.000531,0.000163,2231
M87120007,L1,JHU_UF_R,0.001034,0.000151,2469
M87120007,MD,JHU_UF_R,0.000616,0.000125,2469
M87120007,RD,JHU_UF_R,0.000407,0.000134,2469
M87120007,L1,JHU_UF_L,0.001076,0.000198,2515
M87120007,MD,JHU_UF_L,0.000664,0.000172,2515
M87120007,RD,JHU_UF_L,0.000458,0.000174,2515
M87120164,L1,JHU_CgC_L,0.001199,0.000159,2228
M87120164,MD,JHU_CgC_L,0.000759,0.000128,2228
M87120164,RD,JHU_CgC_L,0.000539,0.000136,2228
M87120164,L1,JHU_CgC_R,0.001182,0.000221,2231
M87120164,MD,JHU_CgC_R,0.000768,0.000198,2231
M87120164,RD,JHU_CgC_R,0.000560,0.000205,2231
M87120164,L1,JHU_UF_R,0.001024,0.000114,2469
M87120164,MD,JHU_UF_R,0.000604,0.000065,2469
M87120164,RD,JHU_UF_R,0.000395,0.000075,2469
M87120164,L1,JHU_UF_L,0.001065,0.000111,2515
M87120164,MD,JHU_UF_L,0.000656,0.000066,2515
M87120164,RD,JHU_UF_L,0.000452,0.000074,2515
M87120206,L1,JHU_CgC_L,0.001148,0.000160,2228
M87120206,MD,JHU_CgC_L,0.000754,0.000131,2228
M87120206,RD,JHU_CgC_L,0.000557,0.000138,2228
M87120206,L1,JHU_CgC_R,0.001087,0.000140,2231
M87120206,MD,JHU_CgC_R,0.000737,0.000102,2231
M87120206,RD,JHU_CgC_R,0.000562,0.000120,2231
M87120206,L1,JHU_UF_R,0.001042,0.000139,2469
M87120206,MD,JHU_UF_R,0.000635,0.000117,2469
M87120206,RD,JHU_UF_R,0.000431,0.000129,2469
M87120206,L1,JHU_UF_L,0.001056,0.000101,2515
M87120206,MD,JHU_UF_L,0.000655,0.000084,2515
M87120206,RD,JHU_UF_L,0.000455,0.000096,2515
M87120451,L1,JHU_CgC_L,0.001182,0.000156,2228
M87120451,MD,JHU_CgC_L,0.000790,0.000118,2228
M87120451,RD,JHU_CgC_L,0.000595,0.000118,2228
M87120451,L1,JHU_CgC_R,0.001137,0.000170,2231
M87120451,MD,JHU_CgC_R,0.000764,0.000149,2231
M87120451,RD,JHU_CgC_R,0.000578,0.000158,2231
M87120451,L1,JHU_UF_R,0.001079,0.000131,2469
M87120451,MD,JHU_UF_R,0.000655,0.000108,2469
M87120451,RD,JHU_UF_R,0.000443,0.000122,2469
M87120451,L1,JHU_UF_L,0.001065,0.000122,2515
M87120451,MD,JHU_UF_L,0.000681,0.000094,2515
M87120451,RD,JHU_UF_L,0.000488,0.000100,2515
M87121531,L1,JHU_CgC_L,0.001143,0.000199,2228
M87121531,MD,JHU_CgC_L,0.000770,0.000176,2228
M87121531,RD,JHU_CgC_L,0.000583,0.000175,2228
M87121531,L1,JHU_CgC_R,0.001072,0.000197,2231
M87121531,MD,JHU_CgC_R,0.000744,0.000203,2231
M87121531,RD,JHU_CgC_R,0.000580,0.000213,2231
M87121531,L1,JHU_UF_R,0.000973,0.000121,2469
M87121531,MD,JHU_UF_R,0.000579,0.000097,2469
M87121531,RD,JHU_UF_R,0.000382,0.000110,2469
M87121531,L1,JHU_UF_L,0.001033,0.000144,2515
M87121531,MD,JHU_UF_L,0.000638,0.000124,2515
M87121531,RD,JHU_UF_L,0.000441,0.000129,2515
M87122630,L1,JHU_CgC_L,0.001172,0.000150,2228
M87122630,MD,JHU_CgC_L,0.000802,0.000126,2228
M87122630,RD,JHU_CgC_L,0.000617,0.000126,2228
M87122630,L1,JHU_CgC_R,0.001142,0.000174,2231
M87122630,MD,JHU_CgC_R,0.000789,0.000150,2231
M87122630,RD,JHU_CgC_R,0.000612,0.000153,2231
M87122630,L1,JHU_UF_R,0.001060,0.000148,2469
M87122630,MD,JHU_UF_R,0.000657,0.000113,2469
M87122630,RD,JHU_UF_R,0.000456,0.000118,2469
M87122630,L1,JHU_UF_L,0.001066,0.000106,2515
M87122630,MD,JHU_UF_L,0.000689,0.000082,2515
M87122630,RD,JHU_UF_L,0.000501,0.000086,2515
M87122856,L1,JHU_CgC_L,0.001240,0.000251,2228
M87122856,MD,JHU_CgC_L,0.000797,0.000187,2228
M87122856,RD,JHU_CgC_L,0.000576,0.000171,2228
M87122856,L1,JHU_CgC_R,0.001204,0.000265,2231
M87122856,MD,JHU_CgC_R,0.000793,0.000199,2231
M87122856,RD,JHU_CgC_R,0.000587,0.000184,2231
M87122856,L1,JHU_UF_R,0.001060,0.000123,2469
M87122856,MD,JHU_UF_R,0.000632,0.000079,2469
M87122856,RD,JHU_UF_R,0.000419,0.000094,2469
M87122856,L1,JHU_UF_L,0.001113,0.000116,2515
M87122856,MD,JHU_UF_L,0.000693,0.000076,2515
M87122856,RD,JHU_UF_L,0.000483,0.000086,2515
M87124454,L1,JHU_CgC_L,0.001223,0.000130,2228
M87124454,MD,JHU_CgC_L,0.000779,0.000111,2228
M87124454,RD,JHU_CgC_L,0.000558,0.000125,2228
M87124454,L1,JHU_CgC_R,0.001173,0.000206,2231
M87124454,MD,JHU_CgC_R,0.000780,0.000175,2231
M87124454,RD,JHU_CgC_R,0.000583,0.000174,2231
M87124454,L1,JHU_UF_R,0.001063,0.000122,2469
M87124454,MD,JHU_UF_R,0.000616,0.000066,2469
M87124454,RD,JHU_UF_R,0.000393,0.000074,2469
M87124454,L1,JHU_UF_L,0.001105,0.000104,2515
M87124454,MD,JHU_UF_L,0.000668,0.000071,2515
M87124454,RD,JHU_UF_L,0.000449,0.000077,2515
M87124808,L1,JHU_CgC_L,0.001232,0.000167,2228
M87124808,MD,JHU_CgC_L,0.000806,0.000144,2228
M87124808,RD,JHU_CgC_L,0.000593,0.000156,2228
M87124808,L1,JHU_CgC_R,0.001205,0.000205,2231
M87124808,MD,JHU_CgC_R,0.000807,0.000174,2231
M87124808,RD,JHU_CgC_R,0.000609,0.000179,2231
M87124808,L1,JHU_UF_R,0.001032,0.000146,2469
M87124808,MD,JHU_UF_R,0.000622,0.000109,2469
M87124808,RD,JHU_UF_R,0.000417,0.000126,2469
M87124808,L1,JHU_UF_L,0.001148,0.000119,2515
M87124808,MD,JHU_UF_L,0.000695,0.000093,2515
M87124808,RD,JHU_UF_L,0.000469,0.000101,2515
M87124846,L1,JHU_CgC_L,0.001152,0.000113,2228
M87124846,MD,JHU_CgC_L,0.000724,0.000071,2228
M87124846,RD,JHU_CgC_L,0.000510,0.000091,2228
M87124846,L1,JHU_CgC_R,0.001091,0.000126,2231
M87124846,MD,JHU_CgC_R,0.000723,0.000075,2231
M87124846,RD,JHU_CgC_R,0.000538,0.000097,2231
M87124846,L1,JHU_UF_R,0.001056,0.000117,2469
M87124846,MD,JHU_UF_R,0.000623,0.000087,2469
M87124846,RD,JHU_UF_R,0.000406,0.000105,2469
M87124846,L1,JHU_UF_L,0.001126,0.000112,2515
M87124846,MD,JHU_UF_L,0.000677,0.000087,2515
M87124846,RD,JHU_UF_L,0.000452,0.000098,2515
M87125151,L1,JHU_CgC_L,0.001179,0.000208,2228
M87125151,MD,JHU_CgC_L,0.000775,0.000158,2228
M87125151,RD,JHU_CgC_L,0.000573,0.000148,2228
M87125151,L1,JHU_CgC_R,0.001085,0.000190,2231
M87125151,MD,JHU_CgC_R,0.000735,0.000153,2231
M87125151,RD,JHU_CgC_R,0.000560,0.000151,2231
M87125151,L1,JHU_UF_R,0.000954,0.000121,2469
M87125151,MD,JHU_UF_R,0.000591,0.000070,2469
M87125151,RD,JHU_UF_R,0.000409,0.000081,2469
M87125151,L1,JHU_UF_L,0.001071,0.000109,2515
M87125151,MD,JHU_UF_L,0.000666,0.000074,2515
M87125151,RD,JHU_UF_L,0.000464,0.000082,2515
M87125273,L1,JHU_CgC_L,0.001211,0.000170,2228
M87125273,MD,JHU_CgC_L,0.000763,0.000140,2228
M87125273,RD,JHU_CgC_L,0.000539,0.000147,2228
M87125273,L1,JHU_CgC_R,0.001190,0.000241,2231
M87125273,MD,JHU_CgC_R,0.000789,0.000218,2231
M87125273,RD,JHU_CgC_R,0.000588,0.000222,2231
M87125273,L1,JHU_UF_R,0.001031,0.000100,2469
M87125273,MD,JHU_UF_R,0.000612,0.000062,2469
M87125273,RD,JHU_UF_R,0.000403,0.000074,2469
M87125273,L1,JHU_UF_L,0.001039,0.000123,2515
M87125273,MD,JHU_UF_L,0.000645,0.000079,2515
M87125273,RD,JHU_UF_L,0.000448,0.000075,2515
M87125899,L1,JHU_CgC_L,0.001127,0.000136,2228
M87125899,MD,JHU_CgC_L,0.000756,0.000111,2228
M87125899,RD,JHU_CgC_L,0.000571,0.000119,2228
M87125899,L1,JHU_CgC_R,0.001065,0.000206,2231
M87125899,MD,JHU_CgC_R,0.000723,0.000172,2231
M87125899,RD,JHU_CgC_R,0.000552,0.000176,2231
M87125899,L1,JHU_UF_R,0.001037,0.000153,2469
M87125899,MD,JHU_UF_R,0.000613,0.000089,2469
M87125899,RD,JHU_UF_R,0.000401,0.000098,2469
M87125899,L1,JHU_UF_L,0.001084,0.000115,2515
M87125899,MD,JHU_UF_L,0.000660,0.000079,2515
M87125899,RD,JHU_UF_L,0.000447,0.000087,2515
M87129825,L1,JHU_CgC_L,0.001179,0.000193,2228
M87129825,MD,JHU_CgC_L,0.000740,0.000151,2228
M87129825,RD,JHU_CgC_L,0.000521,0.000151,2228
M87129825,L1,JHU_CgC_R,0.001113,0.000168,2231
M87129825,MD,JHU_CgC_R,0.000719,0.000147,2231
M87129825,RD,JHU_CgC_R,0.000522,0.000156,2231
M87129825,L1,JHU_UF_R,0.001015,0.000115,2469
M87129825,MD,JHU_UF_R,0.000593,0.000081,2469
M87129825,RD,JHU_UF_R,0.000382,0.000093,2469
M87129825,L1,JHU_UF_L,0.001067,0.000108,2515
M87129825,MD,JHU_UF_L,0.000650,0.000058,2515
M87129825,RD,JHU_UF_L,0.000442,0.000061,2515
M87130287,L1,JHU_CgC_L,0.001093,0.000190,2228
M87130287,MD,JHU_CgC_L,0.000730,0.000159,2228
M87130287,RD,JHU_CgC_L,0.000549,0.000156,2228
M87130287,L1,JHU_CgC_R,0.001162,0.000198,2231
M87130287,MD,JHU_CgC_R,0.000756,0.000200,2231
M87130287,RD,JHU_CgC_R,0.000553,0.000215,2231
M87130287,L1,JHU_UF_R,0.001017,0.000097,2469
M87130287,MD,JHU_UF_R,0.000614,0.000055,2469
M87130287,RD,JHU_UF_R,0.000412,0.000069,2469
M87130287,L1,JHU_UF_L,0.001054,0.000081,2515
M87130287,MD,JHU_UF_L,0.000664,0.000051,2515
M87130287,RD,JHU_UF_L,0.000470,0.000058,2515
M87130907,L1,JHU_CgC_L,0.001191,0.000159,2228
M87130907,MD,JHU_CgC_L,0.000790,0.000134,2228
M87130907,RD,JHU_CgC_L,0.000589,0.000138,2228
M87130907,L1,JHU_CgC_R,0.001173,0.000252,2231
M87130907,MD,JHU_CgC_R,0.000794,0.000225,2231
M87130907,RD,JHU_CgC_R,0.000604,0.000232,2231
M87130907,L1,JHU_UF_R,0.001015,0.000120,2469
M87130907,MD,JHU_UF_R,0.000600,0.000076,2469
M87130907,RD,JHU_UF_R,0.000392,0.000090,2469
M87130907,L1,JHU_UF_L,0.001075,0.000089,2515
M87130907,MD,JHU_UF_L,0.000666,0.000059,2515
M87130907,RD,JHU_UF_L,0.000462,0.000070,2515
M87133088,L1,JHU_CgC_L,0.001129,0.000186,2228
M87133088,MD,JHU_CgC_L,0.000739,0.000143,2228
M87133088,RD,JHU_CgC_L,0.000543,0.000142,2228
M87133088,L1,JHU_CgC_R,0.001199,0.000307,2231
M87133088,MD,JHU_CgC_R,0.000807,0.000260,2231
M87133088,RD,JHU_CgC_R,0.000611,0.000251,2231
M87133088,L1,JHU_UF_R,0.001010,0.000128,2469
M87133088,MD,JHU_UF_R,0.000614,0.000096,2469
M87133088,RD,JHU_UF_R,0.000416,0.000107,2469
M87133088,L1,JHU_UF_L,0.001009,0.000112,2515
M87133088,MD,JHU_UF_L,0.000632,0.000068,2515
M87133088,RD,JHU_UF_L,0.000444,0.000072,2515
M87133484,L1,JHU_CgC_L,0.001135,0.000180,2228
M87133484,MD,JHU_CgC_L,0.000732,0.000148,2228
M87133484,RD,JHU_CgC_L,0.000531,0.000148,2228
M87133484,L1,JHU_CgC_R,0.001043,0.000187,2231
M87133484,MD,JHU_CgC_R,0.000682,0.000191,2231
M87133484,RD,JHU_CgC_R,0.000501,0.000209,2231
M87133484,L1,JHU_UF_R,0.000993,0.000096,2469
M87133484,MD,JHU_UF_R,0.000600,0.000077,2469
M87133484,RD,JHU_UF_R,0.000403,0.000095,2469
M87133484,L1,JHU_UF_L,0.001015,0.000119,2515
M87133484,MD,JHU_UF_L,0.000636,0.000085,2515
M87133484,RD,JHU_UF_L,0.000447,0.000090,2515
M87134007,L1,JHU_CgC_L,0.001240,0.000192,2228
M87134007,MD,JHU_CgC_L,0.000817,0.000146,2228
M87134007,RD,JHU_CgC_L,0.000606,0.000149,2228
M87134007,L1,JHU_CgC_R,0.001222,0.000218,2231
M87134007,MD,JHU_CgC_R,0.000834,0.000190,2231
M87134007,RD,JHU_CgC_R,0.000640,0.000201,2231
M87134007,L1,JHU_UF_R,0.001101,0.000131,2469
M87134007,MD,JHU_UF_R,0.000670,0.000091,2469
M87134007,RD,JHU_UF_R,0.000454,0.000105,2469
M87134007,L1,JHU_UF_L,0.001146,0.000149,2515
M87134007,MD,JHU_UF_L,0.000696,0.000123,2515
M87134007,RD,JHU_UF_L,0.000471,0.000133,2515
M87134320,L1,JHU_CgC_L,0.001178,0.000165,2228
M87134320,MD,JHU_CgC_L,0.000798,0.000146,2228
M87134320,RD,JHU_CgC_L,0.000609,0.000152,2228
M87134320,L1,JHU_CgC_R,0.001113,0.000170,2231
M87134320,MD,JHU_CgC_R,0.000768,0.000144,2231
M87134320,RD,JHU_CgC_R,0.000595,0.000154,2231
M87134320,L1,JHU_UF_R,0.000953,0.000111,2469
M87134320,MD,JHU_UF_R,0.000603,0.000097,2469
M87134320,RD,JHU_UF_R,0.000428,0.000109,2469
M87134320,L1,JHU_UF_L,0.001018,0.000101,2515
M87134320,MD,JHU_UF_L,0.000644,0.000080,2515
M87134320,RD,JHU_UF_L,0.000458,0.000088,2515
M87136394,L1,JHU_CgC_L,0.001085,0.000127,2228
M87136394,MD,JHU_CgC_L,0.000723,0.000107,2228
M87136394,RD,JHU_CgC_L,0.000542,0.000119,2228
M87136394,L1,JHU_CgC_R,0.001125,0.000192,2231
M87136394,MD,JHU_CgC_R,0.000749,0.000165,2231
M87136394,RD,JHU_CgC_R,0.000561,0.000177,2231
M87136394,L1,JHU_UF_R,0.000984,0.000111,2469
M87136394,MD,JHU_UF_R,0.000603,0.000091,2469
M87136394,RD,JHU_UF_R,0.000413,0.000108,2469
M87136394,L1,JHU_UF_L,0.001006,0.000112,2515
M87136394,MD,JHU_UF_L,0.000633,0.000100,2515
M87136394,RD,JHU_UF_L,0.000446,0.000109,2515
M87138094,L1,JHU_CgC_L,0.001100,0.000115,2228
M87138094,MD,JHU_CgC_L,0.000725,0.000084,2228
M87138094,RD,JHU_CgC_L,0.000538,0.000096,2228
M87138094,L1,JHU_CgC_R,0.001099,0.000193,2231
M87138094,MD,JHU_CgC_R,0.000743,0.000161,2231
M87138094,RD,JHU_CgC_R,0.000565,0.000172,2231
M87138094,L1,JHU_UF_R,0.001003,0.000106,2469
M87138094,MD,JHU_UF_R,0.000598,0.000069,2469
M87138094,RD,JHU_UF_R,0.000396,0.000083,2469
M87138094,L1,JHU_UF_L,0.001048,0.000080,2515
M87138094,MD,JHU_UF_L,0.000642,0.000057,2515
M87138094,RD,JHU_UF_L,0.000440,0.000069,2515
M87138369,L1,JHU_CgC_L,0.001165,0.000111,2228
M87138369,MD,JHU_CgC_L,0.000751,0.000089,2228
M87138369,RD,JHU_CgC_L,0.000544,0.000103,2228
M87138369,L1,JHU_CgC_R,0.001113,0.000167,2231
M87138369,MD,JHU_CgC_R,0.000729,0.000141,2231
M87138369,RD,JHU_CgC_R,0.000537,0.000155,2231
M87138369,L1,JHU_UF_R,0.001029,0.000110,2469
M87138369,MD,JHU_UF_R,0.000610,0.000077,2469
M87138369,RD,JHU_UF_R,0.000400,0.000090,2469
M87138369,L1,JHU_UF_L,0.001080,0.000086,2515
M87138369,MD,JHU_UF_L,0.000670,0.000061,2515
M87138369,RD,JHU_UF_L,0.000464,0.000069,2515
M87139195,L1,JHU_CgC_L,0.001270,0.000181,2228
M87139195,MD,JHU_CgC_L,0.000834,0.000157,2228
M87139195,RD,JHU_CgC_L,0.000615,0.000163,2228
M87139195,L1,JHU_CgC_R,0.001268,0.000257,2231
M87139195,MD,JHU_CgC_R,0.000849,0.000246,2231
M87139195,RD,JHU_CgC_R,0.000640,0.000257,2231
M87139195,L1,JHU_UF_R,0.001060,0.000147,2469
M87139195,MD,JHU_UF_R,0.000635,0.000117,2469
M87139195,RD,JHU_UF_R,0.000423,0.000132,2469
M87139195,L1,JHU_UF_L,0.001120,0.000138,2515
M87139195,MD,JHU_UF_L,0.000704,0.000110,2515
M87139195,RD,JHU_UF_L,0.000496,0.000117,2515
M87139354,L1,JHU_CgC_L,0.001190,0.000201,2228
M87139354,MD,JHU_CgC_L,0.000773,0.000148,2228
M87139354,RD,JHU_CgC_L,0.000565,0.000153,2228
M87139354,L1,JHU_CgC_R,0.001186,0.000274,2231
M87139354,MD,JHU_CgC_R,0.000802,0.000238,2231
M87139354,RD,JHU_CgC_R,0.000610,0.000234,2231
M87139354,L1,JHU_UF_R,0.001063,0.000125,2469
M87139354,MD,JHU_UF_R,0.000646,0.000082,2469
M87139354,RD,JHU_UF_R,0.000437,0.000094,2469
M87139354,L1,JHU_UF_L,0.001084,0.000108,2515
M87139354,MD,JHU_UF_L,0.000687,0.000083,2515
M87139354,RD,JHU_UF_L,0.000489,0.000085,2515
M87139763,L1,JHU_CgC_L,0.001110,0.000141,2228
M87139763,MD,JHU_CgC_L,0.000725,0.000113,2228
M87139763,RD,JHU_CgC_L,0.000532,0.000117,2228
M87139763,L1,JHU_CgC_R,0.001089,0.000197,2231
M87139763,MD,JHU_CgC_R,0.000734,0.000192,2231
M87139763,RD,JHU_CgC_R,0.000557,0.000205,2231
M87139763,L1,JHU_UF_R,0.001010,0.000100,2469
M87139763,MD,JHU_UF_R,0.000597,0.000057,2469
M87139763,RD,JHU_UF_R,0.000390,0.000076,2469
M87139763,L1,JHU_UF_L,0.001007,0.000095,2515
M87139763,MD,JHU_UF_L,0.000620,0.000043,2515
M87139763,RD,JHU_UF_L,0.000426,0.000054,2515
M87140789,L1,JHU_CgC_L,0.001250,0.000201,2228
M87140789,MD,JHU_CgC_L,0.000803,0.000153,2228
M87140789,RD,JHU_CgC_L,0.000580,0.000151,2228
M87140789,L1,JHU_CgC_R,0.001111,0.000133,2231
M87140789,MD,JHU_CgC_R,0.000734,0.000115,2231
M87140789,RD,JHU_CgC_R,0.000546,0.000138,2231
M87140789,L1,JHU_UF_R,0.001048,0.000102,2469
M87140789,MD,JHU_UF_R,0.000625,0.000048,2469
M87140789,RD,JHU_UF_R,0.000414,0.000068,2469
M87140789,L1,JHU_UF_L,0.001131,0.000128,2515
M87140789,MD,JHU_UF_L,0.000686,0.000079,2515
M87140789,RD,JHU_UF_L,0.000464,0.000086,2515
M87140994,L1,JHU_CgC_L,0.001096,0.000139,2228
M87140994,MD,JHU_CgC_L,0.000719,0.000110,2228
M87140994,RD,JHU_CgC_L,0.000531,0.000118,2228
M87140994,L1,JHU_CgC_R,0.001105,0.000134,2231
M87140994,MD,JHU_CgC_R,0.000733,0.000124,2231
M87140994,RD,JHU_CgC_R,0.000547,0.000147,2231
M87140994,L1,JHU_UF_R,0.001057,0.000091,2469
M87140994,MD,JHU_UF_R,0.000618,0.000058,2469
M87140994,RD,JHU_UF_R,0.000399,0.000075,2469
M87140994,L1,JHU_UF_L,0.001053,0.000085,2515
M87140994,MD,JHU_UF_L,0.000651,0.000043,2515
M87140994,RD,JHU_UF_L,0.000450,0.000055,2515
M87141291,L1,JHU_CgC_L,0.001198,0.000151,2228
M87141291,MD,JHU_CgC_L,0.000770,0.000116,2228
M87141291,RD,JHU_CgC_L,0.000556,0.000116,2228
M87141291,L1,JHU_CgC_R,0.001166,0.000180,2231
M87141291,MD,JHU_CgC_R,0.000779,0.000150,2231
M87141291,RD,JHU_CgC_R,0.000586,0.000154,2231
M87141291,L1,JHU_UF_R,0.001002,0.000112,2469
M87141291,MD,JHU_UF_R,0.000608,0.000058,2469
M87141291,RD,JHU_UF_R,0.000411,0.000068,2469
M87141291,L1,JHU_UF_L,0.001058,0.000121,2515
M87141291,MD,JHU_UF_L,0.000651,0.000073,2515
M87141291,RD,JHU_UF_L,0.000447,0.000078,2515
M87142581,L1,JHU_CgC_L,0.001135,0.000126,2228
M87142581,MD,JHU_CgC_L,0.000771,0.000090,2228
M87142581,RD,JHU_CgC_L,0.000590,0.000097,2228
M87142581,L1,JHU_CgC_R,0.001110,0.000144,2231
M87142581,MD,JHU_CgC_R,0.000738,0.000099,2231
M87142581,RD,JHU_CgC_R,0.000552,0.000122,2231
M87142581,L1,JHU_UF_R,0.001059,0.000113,2469
M87142581,MD,JHU_UF_R,0.000652,0.000090,2469
M87142581,RD,JHU_UF_R,0.000449,0.000102,2469
M87142581,L1,JHU_UF_L,0.001076,0.000097,2515
M87142581,MD,JHU_UF_L,0.000686,0.000075,2515
M87142581,RD,JHU_UF_L,0.000491,0.000085,2515
M87144389,L1,JHU_CgC_L,0.001128,0.000115,2228
M87144389,MD,JHU_CgC_L,0.000764,0.000080,2228
M87144389,RD,JHU_CgC_L,0.000581,0.000089,2228
M87144389,L1,JHU_CgC_R,0.001120,0.000200,2231
M87144389,MD,JHU_CgC_R,0.000753,0.000159,2231
M87144389,RD,JHU_CgC_R,0.000570,0.000160,2231
M87144389,L1,JHU_UF_R,0.001054,0.000113,2469
M87144389,MD,JHU_UF_R,0.000632,0.000089,2469
M87144389,RD,JHU_UF_R,0.000421,0.000104,2469
M87144389,L1,JHU_UF_L,0.001087,0.000080,2515
M87144389,MD,JHU_UF_L,0.000696,0.000066,2515
M87144389,RD,JHU_UF_L,0.000501,0.000075,2515
M87145095,L1,JHU_CgC_L,0.001212,0.000112,2228
M87145095,MD,JHU_CgC_L,0.000792,0.000077,2228
M87145095,RD,JHU_CgC_L,0.000582,0.000095,2228
M87145095,L1,JHU_CgC_R,0.001150,0.000171,2231
M87145095,MD,JHU_CgC_R,0.000773,0.000115,2231
M87145095,RD,JHU_CgC_R,0.000584,0.000119,2231
M87145095,L1,JHU_UF_R,0.001055,0.000112,2469
M87145095,MD,JHU_UF_R,0.000654,0.000044,2469
M87145095,RD,JHU_UF_R,0.000453,0.000062,2469
M87145095,L1,JHU_UF_L,0.001077,0.000096,2515
M87145095,MD,JHU_UF_L,0.000693,0.000045,2515
M87145095,RD,JHU_UF_L,0.000502,0.000051,2515
M87146170,L1,JHU_CgC_L,0.001184,0.000147,2228
M87146170,MD,JHU_CgC_L,0.000761,0.000132,2228
M87146170,RD,JHU_CgC_L,0.000549,0.000146,2228
M87146170,L1,JHU_CgC_R,0.001201,0.000205,2231
M87146170,MD,JHU_CgC_R,0.000783,0.000171,2231
M87146170,RD,JHU_CgC_R,0.000573,0.000178,2231
M87146170,L1,JHU_UF_R,0.001066,0.000110,2469
M87146170,MD,JHU_UF_R,0.000639,0.000078,2469
M87146170,RD,JHU_UF_R,0.000425,0.000095,2469
M87146170,L1,JHU_UF_L,0.001113,0.000118,2515
M87146170,MD,JHU_UF_L,0.000692,0.000080,2515
M87146170,RD,JHU_UF_L,0.000481,0.000085,2515
M87148213,L1,JHU_CgC_L,0.001180,0.000175,2228
M87148213,MD,JHU_CgC_L,0.000763,0.000153,2228
M87148213,RD,JHU_CgC_L,0.000555,0.000162,2228
M87148213,L1,JHU_CgC_R,0.001086,0.000160,2231
M87148213,MD,JHU_CgC_R,0.000733,0.000135,2231
M87148213,RD,JHU_CgC_R,0.000557,0.000148,2231
M87148213,L1,JHU_UF_R,0.001023,0.000132,2469
M87148213,MD,JHU_UF_R,0.000614,0.000111,2469
M87148213,RD,JHU_UF_R,0.000409,0.000121,2469
M87148213,L1,JHU_UF_L,0.001076,0.000138,2515
M87148213,MD,JHU_UF_L,0.000654,0.000108,2515
M87148213,RD,JHU_UF_L,0.000443,0.000115,2515
M87148227,L1,JHU_CgC_L,0.001143,0.000138,2228
M87148227,MD,JHU_CgC_L,0.000740,0.000120,2228
M87148227,RD,JHU_CgC_L,0.000539,0.000132,2228
M87148227,L1,JHU_CgC_R,0.001105,0.000208,2231
M87148227,MD,JHU_CgC_R,0.000740,0.000175,2231
M87148227,RD,JHU_CgC_R,0.000557,0.000177,2231
M87148227,L1,JHU_UF_R,0.000974,0.000104,2469
M87148227,MD,JHU_UF_R,0.000572,0.000082,2469
M87148227,RD,JHU_UF_R,0.000370,0.000100,2469
M87148227,L1,JHU_UF_L,0.001031,0.000100,2515
M87148227,MD,JHU_UF_L,0.000634,0.000061,2515
M87148227,RD,JHU_UF_L,0.000435,0.000071,2515
M87148801,L1,JHU_CgC_L,0.001183,0.000140,2228
M87148801,MD,JHU_CgC_L,0.000772,0.000099,2228
M87148801,RD,JHU_CgC_L,0.000566,0.000111,2228
M87148801,L1,JHU_CgC_R,0.001116,0.000171,2231
M87148801,MD,JHU_CgC_R,0.000747,0.000149,2231
M87148801,RD,JHU_CgC_R,0.000563,0.000162,2231
M87148801,L1,JHU_UF_R,0.000991,0.000121,2469
M87148801,MD,JHU_UF_R,0.000600,0.000075,2469
M87148801,RD,JHU_UF_R,0.000404,0.000085,2469
M87148801,L1,JHU_UF_L,0.001029,0.000115,2515
M87148801,MD,JHU_UF_L,0.000660,0.000060,2515
M87148801,RD,JHU_UF_L,0.000475,0.000059,2515
M87148872,L1,JHU_CgC_L,0.001247,0.000173,2228
M87148872,MD,JHU_CgC_L,0.000801,0.000147,2228
M87148872,RD,JHU_CgC_L,0.000578,0.000155,2228
M87148872,L1,JHU_CgC_R,0.001241,0.000251,2231
M87148872,MD,JHU_CgC_R,0.000836,0.000230,2231
M87148872,RD,JHU_CgC_R,0.000633,0.000232,2231
M87148872,L1,JHU_UF_R,0.001110,0.000178,2469
M87148872,MD,JHU_UF_R,0.000663,0.000155,2469
M87148872,RD,JHU_UF_R,0.000440,0.000167,2469
M87148872,L1,JHU_UF_L,0.001189,0.000187,2515
M87148872,MD,JHU_UF_L,0.000713,0.000175,2515
M87148872,RD,JHU_UF_L,0.000475,0.000187,2515
M87150736,L1,JHU_CgC_L,0.001169,0.000165,2228
M87150736,MD,JHU_CgC_L,0.000749,0.000125,2228
M87150736,RD,JHU_CgC_L,0.000539,0.000132,2228
M87150736,L1,JHU_CgC_R,0.001106,0.000165,2231
M87150736,MD,JHU_CgC_R,0.000725,0.000140,2231
M87150736,RD,JHU_CgC_R,0.000534,0.000162,2231
M87150736,L1,JHU_UF_R,0.001021,0.000125,2469
M87150736,MD,JHU_UF_R,0.000612,0.000105,2469
M87150736,RD,JHU_UF_R,0.000408,0.000116,2469
M87150736,L1,JHU_UF_L,0.001110,0.000117,2515
M87150736,MD,JHU_UF_L,0.000675,0.000075,2515
M87150736,RD,JHU_UF_L,0.000457,0.000082,2515
M87151421,L1,JHU_CgC_L,0.001169,0.000153,2228
M87151421,MD,JHU_CgC_L,0.000750,0.000116,2228
M87151421,RD,JHU_CgC_L,0.000540,0.000125,2228
M87151421,L1,JHU_CgC_R,0.001107,0.000154,2231
M87151421,MD,JHU_CgC_R,0.000730,0.000138,2231
M87151421,RD,JHU_CgC_R,0.000541,0.000161,2231
M87151421,L1,JHU_UF_R,0.001022,0.000115,2469
M87151421,MD,JHU_UF_R,0.000610,0.000058,2469
M87151421,RD,JHU_UF_R,0.000404,0.000068,2469
M87151421,L1,JHU_UF_L,0.001043,0.000095,2515
M87151421,MD,JHU_UF_L,0.000648,0.000058,2515
M87151421,RD,JHU_UF_L,0.000451,0.000067,2515
M87151497,L1,JHU_CgC_L,0.001187,0.000180,2228
M87151497,MD,JHU_CgC_L,0.000782,0.000141,2228
M87151497,RD,JHU_CgC_L,0.000579,0.000143,2228
M87151497,L1,JHU_CgC_R,0.001175,0.000216,2231
M87151497,MD,JHU_CgC_R,0.000797,0.000192,2231
M87151497,RD,JHU_CgC_R,0.000608,0.000195,2231
M87151497,L1,JHU_UF_R,0.001036,0.000098,2469
M87151497,MD,JHU_UF_R,0.000644,0.000081,2469
M87151497,RD,JHU_UF_R,0.000448,0.000100,2469
M87151497,L1,JHU_UF_L,0.001101,0.000114,2515
M87151497,MD,JHU_UF_L,0.000693,0.000089,2515
M87151497,RD,JHU_UF_L,0.000488,0.000097,2515
M87151738,L1,JHU_CgC_L,0.001129,0.000159,2228
M87151738,MD,JHU_CgC_L,0.000733,0.000125,2228
M87151738,RD,JHU_CgC_L,0.000536,0.000132,2228
M87151738,L1,JHU_CgC_R,0.001146,0.000218,2231
M87151738,MD,JHU_CgC_R,0.000764,0.000187,2231
M87151738,RD,JHU_CgC_R,0.000573,0.000187,2231
M87151738,L1,JHU_UF_R,0.001007,0.000098,2469
M87151738,MD,JHU_UF_R,0.000602,0.000061,2469
M87151738,RD,JHU_UF_R,0.000400,0.000071,2469
M87151738,L1,JHU_UF_L,0.001066,0.000095,2515
M87151738,MD,JHU_UF_L,0.000647,0.000055,2515
M87151738,RD,JHU_UF_L,0.000438,0.000061,2515
M87151861,L1,JHU_CgC_L,0.001202,0.000188,2228
M87151861,MD,JHU_CgC_L,0.000796,0.000145,2228
M87151861,RD,JHU_CgC_L,0.000593,0.000143,2228
M87151861,L1,JHU_CgC_R,0.001160,0.000226,2231
M87151861,MD,JHU_CgC_R,0.000779,0.000197,2231
M87151861,RD,JHU_CgC_R,0.000589,0.000197,2231
M87151861,L1,JHU_UF_R,0.001001,0.000107,2469
M87151861,MD,JHU_UF_R,0.000624,0.000051,2469
M87151861,RD,JHU_UF_R,0.000435,0.000059,2469
M87151861,L1,JHU_UF_L,0.001044,0.000112,2515
M87151861,MD,JHU_UF_L,0.000675,0.000056,2515
M87151861,RD,JHU_UF_L,0.000491,0.000060,2515
M87151976,L1,JHU_CgC_L,0.001069,0.000128,2228
M87151976,MD,JHU_CgC_L,0.000709,0.000095,2228
M87151976,RD,JHU_CgC_L,0.000529,0.000103,2228
M87151976,L1,JHU_CgC_R,0.001097,0.000172,2231
M87151976,MD,JHU_CgC_R,0.000732,0.000150,2231
M87151976,RD,JHU_CgC_R,0.000550,0.000166,2231
M87151976,L1,JHU_UF_R,0.000964,0.000107,2469
M87151976,MD,JHU_UF_R,0.000572,0.000081,2469
M87151976,RD,JHU_UF_R,0.000376,0.000090,2469
M87151976,L1,JHU_UF_L,0.000996,0.000115,2515
M87151976,MD,JHU_UF_L,0.000617,0.000087,2515
M87151976,RD,JHU_UF_L,0.000427,0.000089,2515
M87152378,L1,JHU_CgC_L,0.001154,0.000132,2228
M87152378,MD,JHU_CgC_L,0.000772,0.000103,2228
M87152378,RD,JHU_CgC_L,0.000581,0.000112,2228
M87152378,L1,JHU_CgC_R,0.001153,0.000188,2231
M87152378,MD,JHU_CgC_R,0.000774,0.000162,2231
M87152378,RD,JHU_CgC_R,0.000585,0.000169,2231
M87152378,L1,JHU_UF_R,0.001042,0.000108,2469
M87152378,MD,JHU_UF_R,0.000626,0.000088,2469
M87152378,RD,JHU_UF_R,0.000419,0.000103,2469
M87152378,L1,JHU_UF_L,0.001110,0.000105,2515
M87152378,MD,JHU_UF_L,0.000673,0.000060,2515
M87152378,RD,JHU_UF_L,0.000455,0.000070,2515
M87152615,L1,JHU_CgC_L,0.001227,0.000179,2228
M87152615,MD,JHU_CgC_L,0.000791,0.000117,2228
M87152615,RD,JHU_CgC_L,0.000572,0.000118,2228
M87152615,L1,JHU_CgC_R,0.001189,0.000221,2231
M87152615,MD,JHU_CgC_R,0.000785,0.000184,2231
M87152615,RD,JHU_CgC_R,0.000583,0.000181,2231
M87152615,L1,JHU_UF_R,0.001022,0.000116,2469
M87152615,MD,JHU_UF_R,0.000614,0.000077,2469
M87152615,RD,JHU_UF_R,0.000410,0.000090,2469
M87152615,L1,JHU_UF_L,0.001065,0.000111,2515
M87152615,MD,JHU_UF_L,0.000664,0.000059,2515
M87152615,RD,JHU_UF_L,0.000464,0.000070,2515
M87152938,L1,JHU_CgC_L,0.001211,0.000168,2228
M87152938,MD,JHU_CgC_L,0.000807,0.000132,2228
M87152938,RD,JHU_CgC_L,0.000605,0.000127,2228
M87152938,L1,JHU_CgC_R,0.001076,0.000175,2231
M87152938,MD,JHU_CgC_R,0.000733,0.000155,2231
M87152938,RD,JHU_CgC_R,0.000561,0.000165,2231
M87152938,L1,JHU_UF_R,0.001028,0.000102,2469
M87152938,MD,JHU_UF_R,0.000611,0.000074,2469
M87152938,RD,JHU_UF_R,0.000403,0.000094,2469
M87152938,L1,JHU_UF_L,0.001069,0.000102,2515
M87152938,MD,JHU_UF_L,0.000666,0.000068,2515
M87152938,RD,JHU_UF_L,0.000465,0.000079,2515
M87153117,L1,JHU_CgC_L,0.001131,0.000221,2228
M87153117,MD,JHU_CgC_L,0.000764,0.000173,2228
M87153117,RD,JHU_CgC_L,0.000581,0.000172,2228
M87153117,L1,JHU_CgC_R,0.001085,0.000282,2231
M87153117,MD,JHU_CgC_R,0.000765,0.000241,2231
M87153117,RD,JHU_CgC_R,0.000605,0.000238,2231
M87153117,L1,JHU_UF_R,0.001068,0.000208,2469
M87153117,MD,JHU_UF_R,0.000672,0.000190,2469
M87153117,RD,JHU_UF_R,0.000473,0.000201,2469
M87153117,L1,JHU_UF_L,0.001118,0.000170,2515
M87153117,MD,JHU_UF_L,0.000699,0.000157,2515
M87153117,RD,JHU_UF_L,0.000489,0.000167,2515
M87153317,L1,JHU_CgC_L,0.001224,0.000190,2228
M87153317,MD,JHU_CgC_L,0.000810,0.000163,2228
M87153317,RD,JHU_CgC_L,0.000603,0.000164,2228
M87153317,L1,JHU_CgC_R,0.001248,0.000246,2231
M87153317,MD,JHU_CgC_R,0.000859,0.000221,2231
M87153317,RD,JHU_CgC_R,0.000664,0.000221,2231
M87153317,L1,JHU_UF_R,0.001130,0.000161,2469
M87153317,MD,JHU_UF_R,0.000678,0.000119,2469
M87153317,RD,JHU_UF_R,0.000453,0.000126,2469
M87153317,L1,JHU_UF_L,0.001108,0.000157,2515
M87153317,MD,JHU_UF_L,0.000695,0.000116,2515
M87153317,RD,JHU_UF_L,0.000489,0.000122,2515
M87153618,L1,JHU_CgC_L,0.001037,0.000125,2228
M87153618,MD,JHU_CgC_L,0.000707,0.000113,2228
M87153618,RD,JHU_CgC_L,0.000542,0.000119,2228
M87153618,L1,JHU_CgC_R,0.001042,0.000145,2231
M87153618,MD,JHU_CgC_R,0.000705,0.000137,2231
M87153618,RD,JHU_CgC_R,0.000536,0.000149,2231
M87153618,L1,JHU_UF_R,0.001029,0.000139,2469
M87153618,MD,JHU_UF_R,0.000627,0.000111,2469
M87153618,RD,JHU_UF_R,0.000427,0.000120,2469
M87153618,L1,JHU_UF_L,0.001082,0.000138,2515
M87153618,MD,JHU_UF_L,0.000675,0.000115,2515
M87153618,RD,JHU_UF_L,0.000471,0.000122,2515
M87154497,L1,JHU_CgC_L,0.001114,0.000098,2228
M87154497,MD,JHU_CgC_L,0.000754,0.000067,2228
M87154497,RD,JHU_CgC_L,0.000574,0.000081,2228
M87154497,L1,JHU_CgC_R,0.001190,0.000163,2231
M87154497,MD,JHU_CgC_R,0.000805,0.000143,2231
M87154497,RD,JHU_CgC_R,0.000612,0.000155,2231
M87154497,L1,JHU_UF_R,0.001041,0.000093,2469
M87154497,MD,JHU_UF_R,0.000641,0.000076,2469
M87154497,RD,JHU_UF_R,0.000440,0.000093,2469
M87154497,L1,JHU_UF_L,0.001035,0.000088,2515
M87154497,MD,JHU_UF_L,0.000679,0.000064,2515
M87154497,RD,JHU_UF_L,0.000501,0.000075,2515
M87155171,L1,JHU_CgC_L,0.001146,0.000134,2228
M87155171,MD,JHU_CgC_L,0.000727,0.000107,2228
M87155171,RD,JHU_CgC_L,0.000517,0.000119,2228
M87155171,L1,JHU_CgC_R,0.001164,0.000213,2231
M87155171,MD,JHU_CgC_R,0.000762,0.000193,2231
M87155171,RD,JHU_CgC_R,0.000561,0.000197,2231
M87155171,L1,JHU_UF_R,0.001072,0.000112,2469
M87155171,MD,JHU_UF_R,0.000625,0.000054,2469
M87155171,RD,JHU_UF_R,0.000402,0.000068,2469
M87155171,L1,JHU_UF_L,0.001092,0.000091,2515
M87155171,MD,JHU_UF_L,0.000660,0.000041,2515
M87155171,RD,JHU_UF_L,0.000444,0.000049,2515
M87155398,L1,JHU_CgC_L,0.001114,0.000124,2228
M87155398,MD,JHU_CgC_L,0.000734,0.000097,2228
M87155398,RD,JHU_CgC_L,0.000544,0.000111,2228
M87155398,L1,JHU_CgC_R,0.001118,0.000144,2231
M87155398,MD,JHU_CgC_R,0.000749,0.000122,2231
M87155398,RD,JHU_CgC_R,0.000565,0.000146,2231
M87155398,L1,JHU_UF_R,0.001049,0.000099,2469
M87155398,MD,JHU_UF_R,0.000621,0.000057,2469
M87155398,RD,JHU_UF_R,0.000407,0.000075,2469
M87155398,L1,JHU_UF_L,0.001055,0.000089,2515
M87155398,MD,JHU_UF_L,0.000661,0.000051,2515
M87155398,RD,JHU_UF_L,0.000465,0.000062,2515
M87156032,L1,JHU_CgC_L,0.001195,0.000168,2228
M87156032,MD,JHU_CgC_L,0.000788,0.000140,2228
M87156032,RD,JHU_CgC_L,0.000585,0.000148,2228
M87156032,L1,JHU_CgC_R,0.001178,0.000239,2231
M87156032,MD,JHU_CgC_R,0.000801,0.000207,2231
M87156032,RD,JHU_CgC_R,0.000612,0.000209,2231
M87156032,L1,JHU_UF_R,0.001031,0.000115,2469
M87156032,MD,JHU_UF_R,0.000608,0.000064,2469
M87156032,RD,JHU_UF_R,0.000397,0.000070,2469
M87156032,L1,JHU_UF_L,0.001101,0.000116,2515
M87156032,MD,JHU_UF_L,0.000669,0.000068,2515
M87156032,RD,JHU_UF_L,0.000452,0.000069,2515
M87157671,L1,JHU_CgC_L,0.001132,0.000150,2228
M87157671,MD,JHU_CgC_L,0.000725,0.000103,2228
M87157671,RD,JHU_CgC_L,0.000521,0.000115,2228
M87157671,L1,JHU_CgC_R,0.001146,0.000186,2231
M87157671,MD,JHU_CgC_R,0.000743,0.000179,2231
M87157671,RD,JHU_CgC_R,0.000542,0.000198,2231
M87157671,L1,JHU_UF_R,0.001036,0.000127,2469
M87157671,MD,JHU_UF_R,0.000615,0.000068,2469
M87157671,RD,JHU_UF_R,0.000404,0.000078,2469
M87157671,L1,JHU_UF_L,0.001068,0.000119,2515
M87157671,MD,JHU_UF_L,0.000649,0.000069,2515
M87157671,RD,JHU_UF_L,0.000439,0.000074,2515
M87158219,L1,JHU_CgC_L,0.001131,0.000134,2228
M87158219,MD,JHU_CgC_L,0.000736,0.000113,2228
M87158219,RD,JHU_CgC_L,0.000539,0.000117,2228
M87158219,L1,JHU_CgC_R,0.001152,0.000199,2231
M87158219,MD,JHU_CgC_R,0.000752,0.000184,2231
M87158219,RD,JHU_CgC_R,0.000553,0.000189,2231
M87158219,L1,JHU_UF_R,0.001041,0.000086,2469
M87158219,MD,JHU_UF_R,0.000627,0.000052,2469
M87158219,RD,JHU_UF_R,0.000420,0.000065,2469
M87158219,L1,JHU_UF_L,0.001071,0.000085,2515
M87158219,MD,JHU_UF_L,0.000659,0.000045,2515
M87158219,RD,JHU_UF_L,0.000453,0.000051,2515
M87158358,L1,JHU_CgC_L,0.001206,0.000204,2228
M87158358,MD,JHU_CgC_L,0.000801,0.000164,2228
M87158358,RD,JHU_CgC_L,0.000599,0.000156,2228
M87158358,L1,JHU_CgC_R,0.001165,0.000209,2231
M87158358,MD,JHU_CgC_R,0.000796,0.000195,2231
M87158358,RD,JHU_CgC_R,0.000612,0.000198,2231
M87158358,L1,JHU_UF_R,0.001029,0.000106,2469
M87158358,MD,JHU_UF_R,0.000632,0.000058,2469
M87158358,RD,JHU_UF_R,0.000433,0.000071,2469
M87158358,L1,JHU_UF_L,0.001086,0.000096,2515
M87158358,MD,JHU_UF_L,0.000673,0.000073,2515
M87158358,RD,JHU_UF_L,0.000467,0.000083,2515
M87158621,L1,JHU_CgC_L,0.001192,0.000150,2228
M87158621,MD,JHU_CgC_L,0.000770,0.000127,2228
M87158621,RD,JHU_CgC_L,0.000560,0.000144,2228
M87158621,L1,JHU_CgC_R,0.001177,0.000178,2231
M87158621,MD,JHU_CgC_R,0.000778,0.000187,2231
M87158621,RD,JHU_CgC_R,0.000579,0.000208,2231
M87158621,L1,JHU_UF_R,0.001091,0.000102,2469
M87158621,MD,JHU_UF_R,0.000639,0.000068,2469
M87158621,RD,JHU_UF_R,0.000414,0.000086,2469
M87158621,L1,JHU_UF_L,0.001089,0.000089,2515
M87158621,MD,JHU_UF_L,0.000669,0.000053,2515
M87158621,RD,JHU_UF_L,0.000459,0.000065,2515
M87158946,L1,JHU_CgC_L,0.001112,0.000117,2228
M87158946,MD,JHU_CgC_L,0.000726,0.000099,2228
M87158946,RD,JHU_CgC_L,0.000533,0.000116,2228
M87158946,L1,JHU_CgC_R,0.001217,0.000240,2231
M87158946,MD,JHU_CgC_R,0.000816,0.000224,2231
M87158946,RD,JHU_CgC_R,0.000616,0.000231,2231
M87158946,L1,JHU_UF_R,0.001065,0.000166,2469
M87158946,MD,JHU_UF_R,0.000658,0.000146,2469
M87158946,RD,JHU_UF_R,0.000454,0.000156,2469
M87158946,L1,JHU_UF_L,0.001072,0.000146,2515
M87158946,MD,JHU_UF_L,0.000675,0.000125,2515
M87158946,RD,JHU_UF_L,0.000476,0.000130,2515
M87160065,L1,JHU_CgC_L,0.001189,0.000214,2228
M87160065,MD,JHU_CgC_L,0.000785,0.000154,2228
M87160065,RD,JHU_CgC_L,0.000583,0.000153,2228
M87160065,L1,JHU_CgC_R,0.001211,0.000240,2231
M87160065,MD,JHU_CgC_R,0.000828,0.000206,2231
M87160065,RD,JHU_CgC_R,0.000637,0.000211,2231
M87160065,L1,JHU_UF_R,0.001040,0.000124,2469
M87160065,MD,JHU_UF_R,0.000627,0.000095,2469
M87160065,RD,JHU_UF_R,0.000420,0.000111,2469
M87160065,L1,JHU_UF_L,0.001058,0.000110,2515
M87160065,MD,JHU_UF_L,0.000664,0.000079,2515
M87160065,RD,JHU_UF_L,0.000466,0.000089,2515
M87160156,L1,JHU_CgC_L,0.001115,0.000136,2228
M87160156,MD,JHU_CgC_L,0.000733,0.000094,2228
M87160156,RD,JHU_CgC_L,0.000542,0.000101,2228
M87160156,L1,JHU_CgC_R,0.001178,0.000201,2231
M87160156,MD,JHU_CgC_R,0.000794,0.000183,2231
M87160156,RD,JHU_CgC_R,0.000601,0.000196,2231
M87160156,L1,JHU_UF_R,0.001035,0.000126,2469
M87160156,MD,JHU_UF_R,0.000623,0.000107,2469
M87160156,RD,JHU_UF_R,0.000417,0.000120,2469
M87160156,L1,JHU_UF_L,0.001045,0.000112,2515
M87160156,MD,JHU_UF_L,0.000660,0.000087,2515
M87160156,RD,JHU_UF_L,0.000468,0.000091,2515
M87161046,L1,JHU_CgC_L,0.001204,0.000153,2228
M87161046,MD,JHU_CgC_L,0.000754,0.000095,2228
M87161046,RD,JHU_CgC_L,0.000529,0.000111,2228
M87161046,L1,JHU_CgC_R,0.001139,0.000167,2231
M87161046,MD,JHU_CgC_R,0.000731,0.000131,2231
M87161046,RD,JHU_CgC_R,0.000527,0.000142,2231
M87161046,L1,JHU_UF_R,0.001085,0.000107,2469
M87161046,MD,JHU_UF_R,0.000627,0.000061,2469
M87161046,RD,JHU_UF_R,0.000398,0.000077,2469
M87161046,L1,JHU_UF_L,0.001095,0.000109,2515
M87161046,MD,JHU_UF_L,0.000668,0.000049,2515
M87161046,RD,JHU_UF_L,0.000455,0.000051,2515
M87162213,L1,JHU_CgC_L,0.001120,0.000142,2228
M87162213,MD,JHU_CgC_L,0.000743,0.000108,2228
M87162213,RD,JHU_CgC_L,0.000555,0.000119,2228
M87162213,L1,JHU_CgC_R,0.001157,0.000207,2231
M87162213,MD,JHU_CgC_R,0.000772,0.000182,2231
M87162213,RD,JHU_CgC_R,0.000580,0.000189,2231
M87162213,L1,JHU_UF_R,0.001054,0.000117,2469
M87162213,MD,JHU_UF_R,0.000616,0.000054,2469
M87162213,RD,JHU_UF_R,0.000397,0.000064,2469
M87162213,L1,JHU_UF_L,0.001033,0.000100,2515
M87162213,MD,JHU_UF_L,0.000642,0.000046,2515
M87162213,RD,JHU_UF_L,0.000447,0.000048,2515
M87162818,L1,JHU_CgC_L,0.001087,0.000140,2228
M87162818,MD,JHU_CgC_L,0.000705,0.000116,2228
M87162818,RD,JHU_CgC_L,0.000514,0.000118,2228
M87162818,L1,JHU_CgC_R,0.001091,0.000199,2231
M87162818,MD,JHU_CgC_R,0.000711,0.000184,2231
M87162818,RD,JHU_CgC_R,0.000521,0.000188,2231
M87162818,L1,JHU_UF_R,0.000953,0.000114,2469
M87162818,MD,JHU_UF_R,0.000577,0.000059,2469
M87162818,RD,JHU_UF_R,0.000390,0.000068,2469
M87162818,L1,JHU_UF_L,0.001007,0.000112,2515
M87162818,MD,JHU_UF_L,0.000620,0.000060,2515
M87162818,RD,JHU_UF_L,0.000426,0.000064,2515
M87163077,L1,JHU_CgC_L,0.001164,0.000150,2228
M87163077,MD,JHU_CgC_L,0.000729,0.000119,2228
M87163077,RD,JHU_CgC_L,0.000511,0.000132,2228
M87163077,L1,JHU_CgC_R,0.001092,0.000167,2231
M87163077,MD,JHU_CgC_R,0.000670,0.000091,2231
M87163077,RD,JHU_CgC_R,0.000460,0.000114,2231
M87163077,L1,JHU_UF_R,0.001034,0.000119,2469
M87163077,MD,JHU_UF_R,0.000598,0.000083,2469
M87163077,RD,JHU_UF_R,0.000381,0.000097,2469
M87163077,L1,JHU_UF_L,0.001105,0.000108,2515
M87163077,MD,JHU_UF_L,0.000656,0.000074,2515
M87163077,RD,JHU_UF_L,0.000431,0.000085,2515
M87163299,L1,JHU_CgC_L,0.001141,0.000212,2228
M87163299,MD,JHU_CgC_L,0.000735,0.000179,2228
M87163299,RD,JHU_CgC_L,0.000532,0.000187,2228
M87163299,L1,JHU_CgC_R,0.001204,0.000305,2231
M87163299,MD,JHU_CgC_R,0.000794,0.000270,2231
M87163299,RD,JHU_CgC_R,0.000589,0.000273,2231
M87163299,L1,JHU_UF_R,0.001023,0.000114,2469
M87163299,MD,JHU_UF_R,0.000598,0.000065,2469
M87163299,RD,JHU_UF_R,0.000386,0.000085,2469
M87163299,L1,JHU_UF_L,0.001066,0.000091,2515
M87163299,MD,JHU_UF_L,0.000641,0.000051,2515
M87163299,RD,JHU_UF_L,0.000428,0.000065,2515
M87164553,L1,JHU_CgC_L,0.001157,0.000145,2228
M87164553,MD,JHU_CgC_L,0.000756,0.000105,2228
M87164553,RD,JHU_CgC_L,0.000555,0.000104,2228
M87164553,L1,JHU_CgC_R,0.001129,0.000173,2231
M87164553,MD,JHU_CgC_R,0.000755,0.000151,2231
M87164553,RD,JHU_CgC_R,0.000568,0.000155,2231
M87164553,L1,JHU_UF_R,0.000964,0.000104,2469
M87164553,MD,JHU_UF_R,0.000587,0.000053,2469
M87164553,RD,JHU_UF_R,0.000398,0.000065,2469
M87164553,L1,JHU_UF_L,0.001031,0.000103,2515
M87164553,MD,JHU_UF_L,0.000658,0.000053,2515
M87164553,RD,JHU_UF_L,0.000471,0.000057,2515
M87165631,L1,JHU_CgC_L,0.001145,0.000140,2228
M87165631,MD,JHU_CgC_L,0.000749,0.000066,2228
M87165631,RD,JHU_CgC_L,0.000550,0.000086,2228
M87165631,L1,JHU_CgC_R,0.001113,0.000157,2231
M87165631,MD,JHU_CgC_R,0.000756,0.000129,2231
M87165631,RD,JHU_CgC_R,0.000578,0.000152,2231
M87165631,L1,JHU_UF_R,0.001034,0.000144,2469
M87165631,MD,JHU_UF_R,0.000641,0.000126,2469
M87165631,RD,JHU_UF_R,0.000445,0.000138,2469
M87165631,L1,JHU_UF_L,0.001046,0.000112,2515
M87165631,MD,JHU_UF_L,0.000668,0.000089,2515
M87165631,RD,JHU_UF_L,0.000479,0.000106,2515
M87165701,L1,JHU_CgC_L,0.001192,0.000115,2228
M87165701,MD,JHU_CgC_L,0.000761,0.000093,2228
M87165701,RD,JHU_CgC_L,0.000545,0.000120,2228
M87165701,L1,JHU_CgC_R,0.001152,0.000244,2231
M87165701,MD,JHU_CgC_R,0.000770,0.000215,2231
M87165701,RD,JHU_CgC_R,0.000579,0.000229,2231
M87165701,L1,JHU_UF_R,0.000975,0.000177,2469
M87165701,MD,JHU_UF_R,0.000594,0.000156,2469
M87165701,RD,JHU_UF_R,0.000404,0.000162,2469
M87165701,L1,JHU_UF_L,0.001114,0.000135,2515
M87165701,MD,JHU_UF_L,0.000693,0.000121,2515
M87165701,RD,JHU_UF_L,0.000483,0.000131,2515
M87168478,L1,JHU_CgC_L,0.001201,0.000218,2228
M87168478,MD,JHU_CgC_L,0.000769,0.000174,2228
M87168478,RD,JHU_CgC_L,0.000552,0.000184,2228
M87168478,L1,JHU_CgC_R,0.001079,0.000180,2231
M87168478,MD,JHU_CgC_R,0.000715,0.000151,2231
M87168478,RD,JHU_CgC_R,0.000533,0.000171,2231
M87168478,L1,JHU_UF_R,0.000992,0.000114,2469
M87168478,MD,JHU_UF_R,0.000572,0.000061,2469
M87168478,RD,JHU_UF_R,0.000363,0.000072,2469
M87168478,L1,JHU_UF_L,0.001061,0.000105,2515
M87168478,MD,JHU_UF_L,0.000642,0.000047,2515
M87168478,RD,JHU_UF_L,0.000432,0.000056,2515
M87168550,L1,JHU_CgC_L,0.001202,0.000162,2228
M87168550,MD,JHU_CgC_L,0.000774,0.000134,2228
M87168550,RD,JHU_CgC_L,0.000560,0.000141,2228
M87168550,L1,JHU_CgC_R,0.001165,0.000200,2231
M87168550,MD,JHU_CgC_R,0.000767,0.000180,2231
M87168550,RD,JHU_CgC_R,0.000568,0.000194,2231
M87168550,L1,JHU_UF_R,0.001064,0.000118,2469
M87168550,MD,JHU_UF_R,0.000631,0.000095,2469
M87168550,RD,JHU_UF_R,0.000415,0.000106,2469
M87168550,L1,JHU_UF_L,0.001086,0.000108,2515
M87168550,MD,JHU_UF_L,0.000669,0.000084,2515
M87168550,RD,JHU_UF_L,0.000461,0.000090,2515
M87169350,L1,JHU_CgC_L,0.001138,0.000174,2228
M87169350,MD,JHU_CgC_L,0.000748,0.000112,2228
M87169350,RD,JHU_CgC_L,0.000553,0.000102,2228
M87169350,L1,JHU_CgC_R,0.001079,0.000146,2231
M87169350,MD,JHU_CgC_R,0.000724,0.000115,2231
M87169350,RD,JHU_CgC_R,0.000546,0.000119,2231
M87169350,L1,JHU_UF_R,0.000987,0.000099,2469
M87169350,MD,JHU_UF_R,0.000598,0.000048,2469
M87169350,RD,JHU_UF_R,0.000404,0.000063,2469
M87169350,L1,JHU_UF_L,0.001012,0.000115,2515
M87169350,MD,JHU_UF_L,0.000636,0.000060,2515
M87169350,RD,JHU_UF_L,0.000448,0.000067,2515
M87170105,L1,JHU_CgC_L,0.001225,0.000224,2228
M87170105,MD,JHU_CgC_L,0.000806,0.000202,2228
M87170105,RD,JHU_CgC_L,0.000597,0.000208,2228
M87170105,L1,JHU_CgC_R,0.001243,0.000307,2231
M87170105,MD,JHU_CgC_R,0.000825,0.000294,2231
M87170105,RD,JHU_CgC_R,0.000617,0.000300,2231
M87170105,L1,JHU_UF_R,0.001055,0.000144,2469
M87170105,MD,JHU_UF_R,0.000639,0.000127,2469
M87170105,RD,JHU_UF_R,0.000431,0.000139,2469
M87170105,L1,JHU_UF_L,0.001100,0.000140,2515
M87170105,MD,JHU_UF_L,0.000688,0.000106,2515
M87170105,RD,JHU_UF_L,0.000482,0.000110,2515
M87170196,L1,JHU_CgC_L,0.001136,0.000131,2228
M87170196,MD,JHU_CgC_L,0.000737,0.000088,2228
M87170196,RD,JHU_CgC_L,0.000537,0.000106,2228
M87170196,L1,JHU_CgC_R,0.001112,0.000143,2231
M87170196,MD,JHU_CgC_R,0.000750,0.000145,2231
M87170196,RD,JHU_CgC_R,0.000569,0.000164,2231
M87170196,L1,JHU_UF_R,0.001048,0.000100,2469
M87170196,MD,JHU_UF_R,0.000628,0.000089,2469
M87170196,RD,JHU_UF_R,0.000418,0.000109,2469
M87170196,L1,JHU_UF_L,0.001095,0.000101,2515
M87170196,MD,JHU_UF_L,0.000665,0.000059,2515
M87170196,RD,JHU_UF_L,0.000450,0.000067,2515
M87171285,L1,JHU_CgC_L,0.001183,0.000179,2228
M87171285,MD,JHU_CgC_L,0.000773,0.000130,2228
M87171285,RD,JHU_CgC_L,0.000568,0.000125,2228
M87171285,L1,JHU_CgC_R,0.001139,0.000210,2231
M87171285,MD,JHU_CgC_R,0.000760,0.000193,2231
M87171285,RD,JHU_CgC_R,0.000571,0.000200,2231
M87171285,L1,JHU_UF_R,0.001012,0.000111,2469
M87171285,MD,JHU_UF_R,0.000607,0.000066,2469
M87171285,RD,JHU_UF_R,0.000405,0.000084,2469
M87171285,L1,JHU_UF_L,0.001081,0.000116,2515
M87171285,MD,JHU_UF_L,0.000680,0.000055,2515
M87171285,RD,JHU_UF_L,0.000479,0.000062,2515
M87171873,L1,JHU_CgC_L,0.001136,0.000199,2228
M87171873,MD,JHU_CgC_L,0.000786,0.000175,2228
M87171873,RD,JHU_CgC_L,0.000612,0.000175,2228
M87171873,L1,JHU_CgC_R,0.001175,0.000276,2231
M87171873,MD,JHU_CgC_R,0.000840,0.000262,2231
M87171873,RD,JHU_CgC_R,0.000672,0.000267,2231
M87171873,L1,JHU_UF_R,0.001092,0.000206,2469
M87171873,MD,JHU_UF_R,0.000710,0.000193,2469
M87171873,RD,JHU_UF_R,0.000519,0.000199,2469
M87171873,L1,JHU_UF_L,0.001150,0.000215,2515
M87171873,MD,JHU_UF_L,0.000766,0.000216,2515
M87171873,RD,JHU_UF_L,0.000575,0.000227,2515
M87173792,L1,JHU_CgC_L,0.001185,0.000128,2228
M87173792,MD,JHU_CgC_L,0.000758,0.000087,2228
M87173792,RD,JHU_CgC_L,0.000544,0.000101,2228
M87173792,L1,JHU_CgC_R,0.001115,0.000183,2231
M87173792,MD,JHU_CgC_R,0.000745,0.000151,2231
M87173792,RD,JHU_CgC_R,0.000560,0.000152,2231
M87173792,L1,JHU_UF_R,0.001042,0.000107,2469
M87173792,MD,JHU_UF_R,0.000616,0.000054,2469
M87173792,RD,JHU_UF_R,0.000403,0.000067,2469
M87173792,L1,JHU_UF_L,0.001077,0.000081,2515
M87173792,MD,JHU_UF_L,0.000668,0.000038,2515
M87173792,RD,JHU_UF_L,0.000463,0.000046,2515
M87173818,L1,JHU_CgC_L,0.001145,0.000149,2228
M87173818,MD,JHU_CgC_L,0.000744,0.000112,2228
M87173818,RD,JHU_CgC_L,0.000544,0.000114,2228
M87173818,L1,JHU_CgC_R,0.001099,0.000185,2231
M87173818,MD,JHU_CgC_R,0.000746,0.000156,2231
M87173818,RD,JHU_CgC_R,0.000569,0.000160,2231
M87173818,L1,JHU_UF_R,0.001005,0.000097,2469
M87173818,MD,JHU_UF_R,0.000609,0.000071,2469
M87173818,RD,JHU_UF_R,0.000410,0.000086,2469
M87173818,L1,JHU_UF_L,0.001039,0.000089,2515
M87173818,MD,JHU_UF_L,0.000651,0.000060,2515
M87173818,RD,JHU_UF_L,0.000457,0.000073,2515
M87175019,L1,JHU_CgC_L,0.001138,0.000173,2228
M87175019,MD,JHU_CgC_L,0.000726,0.000142,2228
M87175019,RD,JHU_CgC_L,0.000520,0.000148,2228
M87175019,L1,JHU_CgC_R,0.001100,0.000230,2231
M87175019,MD,JHU_CgC_R,0.000729,0.000189,2231
M87175019,RD,JHU_CgC_R,0.000543,0.000191,2231
M87175019,L1,JHU_UF_R,0.000965,0.000116,2469
M87175019,MD,JHU_UF_R,0.000582,0.000047,2469
M87175019,RD,JHU_UF_R,0.000391,0.000056,2469
M87175019,L1,JHU_UF_L,0.001030,0.000088,2515
M87175019,MD,JHU_UF_L,0.000629,0.000045,2515
M87175019,RD,JHU_UF_L,0.000428,0.000055,2515
M87175521,L1,JHU_CgC_L,0.001149,0.000133,2228
M87175521,MD,JHU_CgC_L,0.000722,0.000087,2228
M87175521,RD,JHU_CgC_L,0.000509,0.000100,2228
M87175521,L1,JHU_CgC_R,0.001093,0.000196,2231
M87175521,MD,JHU_CgC_R,0.000716,0.000166,2231
M87175521,RD,JHU_CgC_R,0.000527,0.000175,2231
M87175521,L1,JHU_UF_R,0.001000,0.000088,2469
M87175521,MD,JHU_UF_R,0.000604,0.000054,2469
M87175521,RD,JHU_UF_R,0.000406,0.000068,2469
M87175521,L1,JHU_UF_L,0.001050,0.000086,2515
M87175521,MD,JHU_UF_L,0.000664,0.000055,2515
M87175521,RD,JHU_UF_L,0.000471,0.000069,2515
M87175733,L1,JHU_CgC_L,0.001177,0.000148,2228
M87175733,MD,JHU_CgC_L,0.000736,0.000099,2228
M87175733,RD,JHU_CgC_L,0.000516,0.000109,2228
M87175733,L1,JHU_CgC_R,0.001154,0.000152,2231
M87175733,MD,JHU_CgC_R,0.000756,0.000138,2231
M87175733,RD,JHU_CgC_R,0.000558,0.000146,2231
M87175733,L1,JHU_UF_R,0.001057,0.000091,2469
M87175733,MD,JHU_UF_R,0.000633,0.000049,2469
M87175733,RD,JHU_UF_R,0.000421,0.000063,2469
M87175733,L1,JHU_UF_L,0.001086,0.000095,2515
M87175733,MD,JHU_UF_L,0.000656,0.000044,2515
M87175733,RD,JHU_UF_L,0.000441,0.000050,2515
M87177384,L1,JHU_CgC_L,0.001156,0.000177,2228
M87177384,MD,JHU_CgC_L,0.000763,0.000142,2228
M87177384,RD,JHU_CgC_L,0.000567,0.000147,2228
M87177384,L1,JHU_CgC_R,0.001053,0.000133,2231
M87177384,MD,JHU_CgC_R,0.000705,0.000125,2231
M87177384,RD,JHU_CgC_R,0.000532,0.000144,2231
M87177384,L1,JHU_UF_R,0.000973,0.000103,2469
M87177384,MD,JHU_UF_R,0.000596,0.000057,2469
M87177384,RD,JHU_UF_R,0.000408,0.000072,2469
M87177384,L1,JHU_UF_L,0.001054,0.000124,2515
M87177384,MD,JHU_UF_L,0.000655,0.000083,2515
M87177384,RD,JHU_UF_L,0.000455,0.000094,2515
M87178770,L1,JHU_CgC_L,0.001220,0.000136,2228
M87178770,MD,JHU_CgC_L,0.000784,0.000107,2228
M87178770,RD,JHU_CgC_L,0.000566,0.000118,2228
M87178770,L1,JHU_CgC_R,0.001177,0.000148,2231
M87178770,MD,JHU_CgC_R,0.000776,0.000131,2231
M87178770,RD,JHU_CgC_R,0.000575,0.000152,2231
M87178770,L1,JHU_UF_R,0.001046,0.000096,2469
M87178770,MD,JHU_UF_R,0.000633,0.000068,2469
M87178770,RD,JHU_UF_R,0.000427,0.000079,2469
M87178770,L1,JHU_UF_L,0.001105,0.000103,2515
M87178770,MD,JHU_UF_L,0.000692,0.000064,2515
M87178770,RD,JHU_UF_L,0.000485,0.000069,2515
M87179092,L1,JHU_CgC_L,0.001123,0.000120,2228
M87179092,MD,JHU_CgC_L,0.000734,0.000081,2228
M87179092,RD,JHU_CgC_L,0.000540,0.000088,2228
M87179092,L1,JHU_CgC_R,0.001041,0.000177,2231
M87179092,MD,JHU_CgC_R,0.000705,0.000147,2231
M87179092,RD,JHU_CgC_R,0.000537,0.000151,2231
M87179092,L1,JHU_UF_R,0.001018,0.000118,2469
M87179092,MD,JHU_UF_R,0.000606,0.000079,2469
M87179092,RD,JHU_UF_R,0.000400,0.000084,2469
M87179092,L1,JHU_UF_L,0.001053,0.000110,2515
M87179092,MD,JHU_UF_L,0.000655,0.000084,2515
M87179092,RD,JHU_UF_L,0.000456,0.000089,2515
M87179303,L1,JHU_CgC_L,0.001154,0.000112,2228
M87179303,MD,JHU_CgC_L,0.000757,0.000109,2228
M87179303,RD,JHU_CgC_L,0.000558,0.000125,2228
M87179303,L1,JHU_CgC_R,0.001130,0.000211,2231
M87179303,MD,JHU_CgC_R,0.000761,0.000195,2231
M87179303,RD,JHU_CgC_R,0.000577,0.000202,2231
M87179303,L1,JHU_UF_R,0.001060,0.000141,2469
M87179303,MD,JHU_UF_R,0.000627,0.000109,2469
M87179303,RD,JHU_UF_R,0.000410,0.000118,2469
M87179303,L1,JHU_UF_L,0.001070,0.000148,2515
M87179303,MD,JHU_UF_L,0.000655,0.000106,2515
M87179303,RD,JHU_UF_L,0.000447,0.000108,2515
M87180496,L1,JHU_CgC_L,0.001213,0.000159,2228
M87180496,MD,JHU_CgC_L,0.000781,0.000116,2228
M87180496,RD,JHU_CgC_L,0.000565,0.000121,2228
M87180496,L1,JHU_CgC_R,0.001114,0.000178,2231
M87180496,MD,JHU_CgC_R,0.000757,0.000143,2231
M87180496,RD,JHU_CgC_R,0.000579,0.000149,2231
M87180496,L1,JHU_UF_R,0.001064,0.000107,2469
M87180496,MD,JHU_UF_R,0.000638,0.000074,2469
M87180496,RD,JHU_UF_R,0.000425,0.000090,2469
M87180496,L1,JHU_UF_L,0.001117,0.000095,2515
M87180496,MD,JHU_UF_L,0.000691,0.000060,2515
M87180496,RD,JHU_UF_L,0.000478,0.000070,2515
M87181270,L1,JHU_CgC_L,0.001207,0.000158,2228
M87181270,MD,JHU_CgC_L,0.000772,0.000132,2228
M87181270,RD,JHU_CgC_L,0.000555,0.000136,2228
M87181270,L1,JHU_CgC_R,0.001169,0.000210,2231
M87181270,MD,JHU_CgC_R,0.000773,0.000173,2231
M87181270,RD,JHU_CgC_R,0.000576,0.000173,2231
M87181270,L1,JHU_UF_R,0.001020,0.000106,2469
M87181270,MD,JHU_UF_R,0.000612,0.000053,2469
M87181270,RD,JHU_UF_R,0.000408,0.000062,2469
M87181270,L1,JHU_UF_L,0.001044,0.000110,2515
M87181270,MD,JHU_UF_L,0.000650,0.000057,2515
M87181270,RD,JHU_UF_L,0.000453,0.000063,2515
M87182004,L1,JHU_CgC_L,0.001206,0.000149,2228
M87182004,MD,JHU_CgC_L,0.000793,0.000115,2228
M87182004,RD,JHU_CgC_L,0.000587,0.000122,2228
M87182004,L1,JHU_CgC_R,0.001165,0.000204,2231
M87182004,MD,JHU_CgC_R,0.000783,0.000156,2231
M87182004,RD,JHU_CgC_R,0.000592,0.000154,2231
M87182004,L1,JHU_UF_R,0.001059,0.000124,2469
M87182004,MD,JHU_UF_R,0.000652,0.000072,2469
M87182004,RD,JHU_UF_R,0.000448,0.000084,2469
M87182004,L1,JHU_UF_L,0.001082,0.000098,2515
M87182004,MD,JHU_UF_L,0.000669,0.000067,2515
M87182004,RD,JHU_UF_L,0.000462,0.000080,2515
M87183764,L1,JHU_CgC_L,0.001058,0.000133,2228
M87183764,MD,JHU_CgC_L,0.000701,0.000120,2228
M87183764,RD,JHU_CgC_L,0.000522,0.000131,2228
M87183764,L1,JHU_CgC_R,0.001048,0.000148,2231
M87183764,MD,JHU_CgC_R,0.000710,0.000126,2231
M87183764,RD,JHU_CgC_R,0.000542,0.000138,2231
M87183764,L1,JHU_UF_R,0.001037,0.000141,2469
M87183764,MD,JHU_UF_R,0.000621,0.000120,2469
M87183764,RD,JHU_UF_R,0.000413,0.000130,2469
M87183764,L1,JHU_UF_L,0.001020,0.000144,2515
M87183764,MD,JHU_UF_L,0.000626,0.000130,2515
M87183764,RD,JHU_UF_L,0.000429,0.000138,2515
M87183847,L1,JHU_CgC_L,0.001156,0.000158,2228
M87183847,MD,JHU_CgC_L,0.000734,0.000128,2228
M87183847,RD,JHU_CgC_L,0.000524,0.000139,2228
M87183847,L1,JHU_CgC_R,0.001111,0.000171,2231
M87183847,MD,JHU_CgC_R,0.000736,0.000145,2231
M87183847,RD,JHU_CgC_R,0.000548,0.000157,2231
M87183847,L1,JHU_UF_R,0.001006,0.000100,2469
M87183847,MD,JHU_UF_R,0.000605,0.000055,2469
M87183847,RD,JHU_UF_R,0.000404,0.000067,2469
M87183847,L1,JHU_UF_L,0.001062,0.000093,2515
M87183847,MD,JHU_UF_L,0.000651,0.000053,2515
M87183847,RD,JHU_UF_L,0.000446,0.000059,2515
M87184515,L1,JHU_CgC_L,0.001263,0.000173,2228
M87184515,MD,JHU_CgC_L,0.000831,0.000136,2228
M87184515,RD,JHU_CgC_L,0.000615,0.000138,2228
M87184515,L1,JHU_CgC_R,0.001184,0.000160,2231
M87184515,MD,JHU_CgC_R,0.000804,0.000130,2231
M87184515,RD,JHU_CgC_R,0.000615,0.000142,2231
M87184515,L1,JHU_UF_R,0.001095,0.000133,2469
M87184515,MD,JHU_UF_R,0.000666,0.000080,2469
M87184515,RD,JHU_UF_R,0.000451,0.000085,2469
M87184515,L1,JHU_UF_L,0.001148,0.000121,2515
M87184515,MD,JHU_UF_L,0.000728,0.000070,2515
M87184515,RD,JHU_UF_L,0.000519,0.000077,2515
M87185126,L1,JHU_CgC_L,0.001188,0.000179,2228
M87185126,MD,JHU_CgC_L,0.000819,0.000129,2228
M87185126,RD,JHU_CgC_L,0.000635,0.000125,2228
M87185126,L1,JHU_CgC_R,0.001096,0.000147,2231
M87185126,MD,JHU_CgC_R,0.000755,0.000084,2231
M87185126,RD,JHU_CgC_R,0.000585,0.000090,2231
M87185126,L1,JHU_UF_R,0.001099,0.000173,2469
M87185126,MD,JHU_UF_R,0.000681,0.000142,2469
M87185126,RD,JHU_UF_R,0.000472,0.000143,2469
M87185126,L1,JHU_UF_L,0.001071,0.000121,2515
M87185126,MD,JHU_UF_L,0.000700,0.000080,2515
M87185126,RD,JHU_UF_L,0.000514,0.000084,2515
M87185518,L1,JHU_CgC_L,0.001212,0.000154,2228
M87185518,MD,JHU_CgC_L,0.000777,0.000119,2228
M87185518,RD,JHU_CgC_L,0.000560,0.000126,2228
M87185518,L1,JHU_CgC_R,0.001172,0.000182,2231
M87185518,MD,JHU_CgC_R,0.000768,0.000108,2231
M87185518,RD,JHU_CgC_R,0.000566,0.000113,2231
M87185518,L1,JHU_UF_R,0.001058,0.000119,2469
M87185518,MD,JHU_UF_R,0.000637,0.000085,2469
M87185518,RD,JHU_UF_R,0.000427,0.000099,2469
M87185518,L1,JHU_UF_L,0.001095,0.000111,2515
M87185518,MD,JHU_UF_L,0.000654,0.000063,2515
M87185518,RD,JHU_UF_L,0.000434,0.000068,2515
M87186490,L1,JHU_CgC_L,0.001094,0.000115,2228
M87186490,MD,JHU_CgC_L,0.000723,0.000097,2228
M87186490,RD,JHU_CgC_L,0.000537,0.000116,2228
M87186490,L1,JHU_CgC_R,0.001096,0.000173,2231
M87186490,MD,JHU_CgC_R,0.000733,0.000159,2231
M87186490,RD,JHU_CgC_R,0.000551,0.000170,2231
M87186490,L1,JHU_UF_R,0.001002,0.000113,2469
M87186490,MD,JHU_UF_R,0.000602,0.000071,2469
M87186490,RD,JHU_UF_R,0.000402,0.000083,2469
M87186490,L1,JHU_UF_L,0.001058,0.000102,2515
M87186490,MD,JHU_UF_L,0.000663,0.000064,2515
M87186490,RD,JHU_UF_L,0.000466,0.000075,2515
M87187453,L1,JHU_CgC_L,0.001120,0.000111,2228
M87187453,MD,JHU_CgC_L,0.000752,0.000090,2228
M87187453,RD,JHU_CgC_L,0.000568,0.000102,2228
M87187453,L1,JHU_CgC_R,0.001143,0.000131,2231
M87187453,MD,JHU_CgC_R,0.000778,0.000124,2231
M87187453,RD,JHU_CgC_R,0.000595,0.000139,2231
M87187453,L1,JHU_UF_R,0.001077,0.000073,2469
M87187453,MD,JHU_UF_R,0.000653,0.000066,2469
M87187453,RD,JHU_UF_R,0.000441,0.000084,2469
M87187453,L1,JHU_UF_L,0.001074,0.000083,2515
M87187453,MD,JHU_UF_L,0.000683,0.000054,2515
M87187453,RD,JHU_UF_L,0.000488,0.000066,2515
M87188456,L1,JHU_CgC_L,0.001243,0.000221,2228
M87188456,MD,JHU_CgC_L,0.000784,0.000175,2228
M87188456,RD,JHU_CgC_L,0.000554,0.000175,2228
M87188456,L1,JHU_CgC_R,0.001213,0.000222,2231
M87188456,MD,JHU_CgC_R,0.000791,0.000208,2231
M87188456,RD,JHU_CgC_R,0.000580,0.000223,2231
M87188456,L1,JHU_UF_R,0.001076,0.000166,2469
M87188456,MD,JHU_UF_R,0.000640,0.000149,2469
M87188456,RD,JHU_UF_R,0.000422,0.000161,2469
M87188456,L1,JHU_UF_L,0.001099,0.000123,2515
M87188456,MD,JHU_UF_L,0.000657,0.000093,2515
M87188456,RD,JHU_UF_L,0.000436,0.000104,2515
M87191192,L1,JHU_CgC_L,0.001092,0.000130,2228
M87191192,MD,JHU_CgC_L,0.000715,0.000096,2228
M87191192,RD,JHU_CgC_L,0.000526,0.000101,2228
M87191192,L1,JHU_CgC_R,0.001081,0.000168,2231
M87191192,MD,JHU_CgC_R,0.000715,0.000151,2231
M87191192,RD,JHU_CgC_R,0.000531,0.000161,2231
M87191192,L1,JHU_UF_R,0.000994,0.000102,2469
M87191192,MD,JHU_UF_R,0.000611,0.000079,2469
M87191192,RD,JHU_UF_R,0.000420,0.000094,2469
M87191192,L1,JHU_UF_L,0.001014,0.000089,2515
M87191192,MD,JHU_UF_L,0.000634,0.000061,2515
M87191192,RD,JHU_UF_L,0.000444,0.000073,2515
M87192356,L1,JHU_CgC_L,0.001158,0.000158,2228
M87192356,MD,JHU_CgC_L,0.000756,0.000114,2228
M87192356,RD,JHU_CgC_L,0.000555,0.000118,2228
M87192356,L1,JHU_CgC_R,0.001108,0.000139,2231
M87192356,MD,JHU_CgC_R,0.000730,0.000088,2231
M87192356,RD,JHU_CgC_R,0.000541,0.000102,2231
M87192356,L1,JHU_UF_R,0.001000,0.000106,2469
M87192356,MD,JHU_UF_R,0.000600,0.000068,2469
M87192356,RD,JHU_UF_R,0.000400,0.000088,2469
M87192356,L1,JHU_UF_L,0.001046,0.000095,2515
M87192356,MD,JHU_UF_L,0.000646,0.000055,2515
M87192356,RD,JHU_UF_L,0.000445,0.000061,2515
M87192468,L1,JHU_CgC_L,0.001178,0.000161,2228
M87192468,MD,JHU_CgC_L,0.000763,0.000139,2228
M87192468,RD,JHU_CgC_L,0.000556,0.000144,2228
M87192468,L1,JHU_CgC_R,0.001147,0.000218,2231
M87192468,MD,JHU_CgC_R,0.000758,0.000183,2231
M87192468,RD,JHU_CgC_R,0.000563,0.000189,2231
M87192468,L1,JHU_UF_R,0.001046,0.000104,2469
M87192468,MD,JHU_UF_R,0.000616,0.000066,2469
M87192468,RD,JHU_UF_R,0.000402,0.000078,2469
M87192468,L1,JHU_UF_L,0.001070,0.000086,2515
M87192468,MD,JHU_UF_L,0.000666,0.000054,2515
M87192468,RD,JHU_UF_L,0.000464,0.000064,2515
M87192571,L1,JHU_CgC_L,0.001211,0.000131,2228
M87192571,MD,JHU_CgC_L,0.000811,0.000108,2228
M87192571,RD,JHU_CgC_L,0.000612,0.000114,2228
M87192571,L1,JHU_CgC_R,0.001149,0.000177,2231
M87192571,MD,JHU_CgC_R,0.000785,0.000154,2231
M87192571,RD,JHU_CgC_R,0.000603,0.000163,2231
M87192571,L1,JHU_UF_R,0.001014,0.000110,2469
M87192571,MD,JHU_UF_R,0.000619,0.000084,2469
M87192571,RD,JHU_UF_R,0.000422,0.000100,2469
M87192571,L1,JHU_UF_L,0.001092,0.000097,2515
M87192571,MD,JHU_UF_L,0.000706,0.000073,2515
M87192571,RD,JHU_UF_L,0.000513,0.000076,2515
M87195497,L1,JHU_CgC_L,0.001186,0.000175,2228
M87195497,MD,JHU_CgC_L,0.000757,0.000147,2228
M87195497,RD,JHU_CgC_L,0.000543,0.000156,2228
M87195497,L1,JHU_CgC_R,0.001094,0.000219,2231
M87195497,MD,JHU_CgC_R,0.000735,0.000207,2231
M87195497,RD,JHU_CgC_R,0.000556,0.000223,2231
M87195497,L1,JHU_UF_R,0.001048,0.000177,2469
M87195497,MD,JHU_UF_R,0.000621,0.000162,2469
M87195497,RD,JHU_UF_R,0.000408,0.000172,2469
M87195497,L1,JHU_UF_L,0.001092,0.000108,2515
M87195497,MD,JHU_UF_L,0.000660,0.000091,2515
M87195497,RD,JHU_UF_L,0.000444,0.000103,2515
M87195715,L1,JHU_CgC_L,0.001054,0.000118,2228
M87195715,MD,JHU_CgC_L,0.000706,0.000088,2228
M87195715,RD,JHU_CgC_L,0.000532,0.000096,2228
M87195715,L1,JHU_CgC_R,0.001093,0.000176,2231
M87195715,MD,JHU_CgC_R,0.000732,0.000155,2231
M87195715,RD,JHU_CgC_R,0.000552,0.000162,2231
M87195715,L1,JHU_UF_R,0.001024,0.000122,2469
M87195715,MD,JHU_UF_R,0.000617,0.000093,2469
M87195715,RD,JHU_UF_R,0.000414,0.000103,2469
M87195715,L1,JHU_UF_L,0.000985,0.000095,2515
M87195715,MD,JHU_UF_L,0.000622,0.000068,2515
M87195715,RD,JHU_UF_L,0.000441,0.000073,2515
M87195860,L1,JHU_CgC_L,0.001184,0.000174,2228
M87195860,MD,JHU_CgC_L,0.000781,0.000143,2228
M87195860,RD,JHU_CgC_L,0.000580,0.000149,2228
M87195860,L1,JHU_CgC_R,0.001180,0.000165,2231
M87195860,MD,JHU_CgC_R,0.000783,0.000126,2231
M87195860,RD,JHU_CgC_R,0.000584,0.000135,2231
M87195860,L1,JHU_UF_R,0.001103,0.000105,2469
M87195860,MD,JHU_UF_R,0.000664,0.000053,2469
M87195860,RD,JHU_UF_R,0.000445,0.000065,2469
M87195860,L1,JHU_UF_L,0.001115,0.000102,2515
M87195860,MD,JHU_UF_L,0.000685,0.000061,2515
M87195860,RD,JHU_UF_L,0.000471,0.000068,2515
M87197609,L1,JHU_CgC_L,0.001257,0.000198,2228
M87197609,MD,JHU_CgC_L,0.000801,0.000165,2228
M87197609,RD,JHU_CgC_L,0.000573,0.000164,2228
M87197609,L1,JHU_CgC_R,0.001161,0.000258,2231
M87197609,MD,JHU_CgC_R,0.000771,0.000242,2231
M87197609,RD,JHU_CgC_R,0.000577,0.000245,2231
M87197609,L1,JHU_UF_R,0.001084,0.000164,2469
M87197609,MD,JHU_UF_R,0.000632,0.000121,2469
M87197609,RD,JHU_UF_R,0.000406,0.000128,2469
M87197609,L1,JHU_UF_L,0.001165,0.000142,2515
M87197609,MD,JHU_UF_L,0.000707,0.000115,2515
M87197609,RD,JHU_UF_L,0.000478,0.000124,2515
M87197734,L1,JHU_CgC_L,0.001155,0.000196,2228
M87197734,MD,JHU_CgC_L,0.000759,0.000170,2228
M87197734,RD,JHU_CgC_L,0.000562,0.000175,2228
M87197734,L1,JHU_CgC_R,0.001220,0.000274,2231
M87197734,MD,JHU_CgC_R,0.000840,0.000253,2231
M87197734,RD,JHU_CgC_R,0.000650,0.000260,2231
M87197734,L1,JHU_UF_R,0.001025,0.000123,2469
M87197734,MD,JHU_UF_R,0.000623,0.000106,2469
M87197734,RD,JHU_UF_R,0.000422,0.000116,2469
M87197734,L1,JHU_UF_L,0.001041,0.000128,2515
M87197734,MD,JHU_UF_L,0.000658,0.000111,2515
M87197734,RD,JHU_UF_L,0.000467,0.000119,2515
M87199583,L1,JHU_CgC_L,0.001175,0.000176,2228
M87199583,MD,JHU_CgC_L,0.000790,0.000130,2228
M87199583,RD,JHU_CgC_L,0.000598,0.000124,2228
M87199583,L1,JHU_CgC_R,0.001172,0.000206,2231
M87199583,MD,JHU_CgC_R,0.000798,0.000172,2231
M87199583,RD,JHU_CgC_R,0.000612,0.000174,2231
M87199583,L1,JHU_UF_R,0.001055,0.000113,2469
M87199583,MD,JHU_UF_R,0.000648,0.000069,2469
M87199583,RD,JHU_UF_R,0.000444,0.000086,2469
M87199583,L1,JHU_UF_L,0.001076,0.000101,2515
M87199583,MD,JHU_UF_L,0.000680,0.000061,2515
M87199583,RD,JHU_UF_L,0.000483,0.000067,2515
